Time_sec,ECG_mV
0,27.393
0.0039063,27.257
0.0078125,27.195
0.011719,27.165
0.015625,27.179
0.019531,27.274
0.023438,27.382
0.027344,27.486
0.03125,27.6
0.035156,27.652
0.039063,27.663
0.042969,27.678
0.046875,27.678
0.050781,27.679
0.054688,27.698
0.058594,27.703
0.0625,27.705
0.066406,27.711
0.070313,27.726
0.074219,27.728
0.078125,27.724
0.082031,27.732
0.085938,27.736
0.089844,27.764
0.09375,27.769
0.097656,27.778
0.10156,27.794
0.10547,27.802
0.10938,27.798
0.11328,27.781
0.11719,27.797
0.12109,27.823
0.125,27.838
0.12891,27.839
0.13281,27.849
0.13672,27.861
0.14063,27.848
0.14453,27.847
0.14844,27.844
0.15234,27.89
0.15625,27.917
0.16016,27.919
0.16406,27.929
0.16797,27.957
0.17188,27.985
0.17578,27.998
0.17969,28.021
0.18359,28.059
0.1875,28.072
0.19141,28.091
0.19531,28.112
0.19922,28.13
0.20313,28.165
0.20703,28.201
0.21094,28.215
0.21484,28.236
0.21875,28.266
0.22266,28.255
0.22656,28.247
0.23047,28.25
0.23438,28.269
0.23828,28.286
0.24219,28.277
0.24609,28.272
0.25,28.275
0.25391,28.269
0.25781,28.237
0.26172,28.207
0.26563,28.179
0.26953,28.108
0.27344,28.054
0.27734,28.014
0.28125,27.961
0.28516,27.91
0.28906,27.866
0.29297,27.853
0.29688,27.817
0.30078,27.765
0.30469,27.76
0.30859,27.715
0.3125,27.728
0.31641,27.755
0.32031,27.745
0.32422,27.697
0.32813,27.68
0.33203,27.698
0.33594,27.736
0.33984,27.724
0.34375,27.685
0.34766,27.67
0.35156,27.675
0.35547,27.704
0.35938,27.701
0.36328,27.725
0.36719,27.728
0.37109,27.724
0.375,27.705
0.37891,27.679
0.38281,27.673
0.38672,27.67
0.39063,27.697
0.39453,27.683
0.39844,27.696
0.40234,27.691
0.40625,27.697
0.41016,27.693
0.41406,27.704
0.41797,27.711
0.42188,27.681
0.42578,27.69
0.42969,27.721
0.43359,27.706
0.4375,27.715
0.44141,27.729
0.44531,27.758
0.44922,27.766
0.45313,27.766
0.45703,27.762
0.46094,27.729
0.46484,27.704
0.46875,27.722
0.47266,27.733
0.47656,27.733
0.48047,27.709
0.48438,27.701
0.48828,27.726
0.49219,27.747
0.49609,27.75
0.5,27.752
0.50391,27.723
0.50781,27.708
0.51172,27.711
0.51563,27.725
0.51953,27.733
0.52344,27.716
0.52734,27.688
0.53125,27.686
0.53516,27.681
0.53906,27.677
0.54297,27.688
0.54688,27.698
0.55078,27.696
0.55469,27.701
0.55859,27.72
0.5625,27.707
0.56641,27.705
0.57031,27.698
0.57422,27.678
0.57813,27.695
0.58203,27.703
0.58594,27.708
0.58984,27.71
0.59375,27.687
0.59766,27.691
0.60156,27.698
0.60547,27.683
0.60938,27.671
0.61328,27.682
0.61719,27.706
0.62109,27.708
0.625,27.697
0.62891,27.67
0.63281,27.691
0.63672,27.683
0.64063,27.715
0.64453,27.73
0.64844,27.73
0.65234,27.736
0.65625,27.749
0.66016,27.714
0.66406,27.68
0.66797,27.726
0.67188,27.72
0.67578,27.711
0.67969,27.709
0.68359,27.736
0.6875,27.774
0.69141,27.756
0.69531,27.756
0.69922,27.742
0.70313,27.739
0.70703,27.749
0.71094,27.728
0.71484,27.751
0.71875,27.779
0.72266,27.778
0.72656,27.766
0.73047,27.767
0.73438,27.761
0.73828,27.743
0.74219,27.743
0.74609,27.764
0.75,27.776
0.75391,27.782
0.75781,27.772
0.76172,27.803
0.76563,27.837
0.76953,27.864
0.77344,27.851
0.77734,27.84
0.78125,27.835
0.78516,27.842
0.78906,27.864
0.79297,27.884
0.79688,27.908
0.80078,27.928
0.80469,27.929
0.80859,27.9
0.8125,27.882
0.81641,27.87
0.82031,27.865
0.82422,27.874
0.82813,27.832
0.83203,27.827
0.83594,27.802
0.83984,27.788
0.84375,27.788
0.84766,27.763
0.85156,27.742
0.85547,27.755
0.85938,27.75
0.86328,27.748
0.86719,27.757
0.87109,27.759
0.875,27.746
0.87891,27.719
0.88281,27.721
0.88672,27.746
0.89063,27.683
0.89453,27.676
0.89844,27.733
0.90234,27.779
0.90625,27.773
0.91016,27.771
0.91406,27.783
0.91797,27.766
0.92188,27.752
0.92578,27.772
0.92969,27.791
0.93359,27.742
0.9375,27.701
0.94141,27.725
0.94531,27.753
0.94922,27.818
0.95313,27.934
0.95703,28.093
0.96094,28.405
0.96484,28.859
0.96875,29.274
0.97266,29.327
0.97656,29.109
0.98047,28.589
0.98438,28.07
0.98828,27.696
0.99219,27.462
0.99609,27.386
1,27.345
1.0039,27.377
1.0078,27.477
1.0117,27.569
1.0156,27.7
1.0195,27.74
1.0234,27.814
1.0273,27.867
1.0313,27.888
1.0352,27.895
1.0391,27.855
1.043,27.887
1.0469,27.952
1.0508,27.998
1.0547,27.994
1.0586,27.98
1.0625,27.981
1.0664,27.999
1.0703,27.992
1.0742,27.973
1.0781,28.021
1.082,28.044
1.0859,28.045
1.0898,28.076
1.0938,28.079
1.0977,28.098
1.1016,28.124
1.1055,28.124
1.1094,28.085
1.1133,28.103
1.1172,28.166
1.1211,28.187
1.125,28.182
1.1289,28.173
1.1328,28.184
1.1367,28.228
1.1406,28.217
1.1445,28.209
1.1484,28.233
1.1523,28.263
1.1563,28.287
1.1602,28.298
1.1641,28.306
1.168,28.321
1.1719,28.361
1.1758,28.377
1.1797,28.378
1.1836,28.417
1.1875,28.438
1.1914,28.433
1.1953,28.434
1.1992,28.453
1.2031,28.519
1.207,28.566
1.2109,28.582
1.2148,28.593
1.2188,28.598
1.2227,28.614
1.2266,28.618
1.2305,28.611
1.2344,28.608
1.2383,28.58
1.2422,28.544
1.2461,28.523
1.25,28.491
1.2539,28.47
1.2578,28.42
1.2617,28.341
1.2656,28.3
1.2695,28.274
1.2734,28.232
1.2773,28.17
1.2813,28.107
1.2852,28.116
1.2891,28.113
1.293,28.085
1.2969,28.066
1.3008,28.036
1.3047,28.009
1.3086,27.983
1.3125,27.969
1.3164,27.977
1.3203,27.977
1.3242,28.023
1.3281,27.999
1.332,27.963
1.3359,27.974
1.3398,27.98
1.3438,27.95
1.3477,27.941
1.3516,27.942
1.3555,27.952
1.3594,27.95
1.3633,27.942
1.3672,27.943
1.3711,27.933
1.375,27.905
1.3789,27.892
1.3828,27.88
1.3867,27.916
1.3906,27.912
1.3945,27.948
1.3984,27.977
1.4023,27.952
1.4063,27.93
1.4102,27.918
1.4141,27.931
1.418,27.935
1.4219,27.932
1.4258,27.913
1.4297,27.912
1.4336,27.918
1.4375,27.936
1.4414,27.895
1.4453,27.89
1.4492,27.854
1.4531,27.883
1.457,27.922
1.4609,27.936
1.4648,27.932
1.4688,27.92
1.4727,27.889
1.4766,27.918
1.4805,27.933
1.4844,27.945
1.4883,27.938
1.4922,27.908
1.4961,27.9
1.5,27.902
1.5039,27.919
1.5078,27.902
1.5117,27.893
1.5156,27.905
1.5195,27.896
1.5234,27.865
1.5273,27.858
1.5313,27.857
1.5352,27.884
1.5391,27.87
1.543,27.863
1.5469,27.829
1.5508,27.833
1.5547,27.856
1.5586,27.858
1.5625,27.877
1.5664,27.89
1.5703,27.9
1.5742,27.887
1.5781,27.86
1.582,27.868
1.5859,27.846
1.5898,27.849
1.5938,27.84
1.5977,27.843
1.6016,27.85
1.6055,27.87
1.6094,27.867
1.6133,27.823
1.6172,27.826
1.6211,27.823
1.625,27.829
1.6289,27.802
1.6328,27.846
1.6367,27.818
1.6406,27.817
1.6445,27.784
1.6484,27.813
1.6523,27.841
1.6563,27.837
1.6602,27.844
1.6641,27.798
1.668,27.859
1.6719,27.874
1.6758,27.887
1.6797,27.862
1.6836,27.857
1.6875,27.849
1.6914,27.849
1.6953,27.82
1.6992,27.851
1.7031,27.863
1.707,27.838
1.7109,27.845
1.7148,27.853
1.7188,27.863
1.7227,27.832
1.7266,27.818
1.7305,27.843
1.7344,27.857
1.7383,27.833
1.7422,27.847
1.7461,27.858
1.75,27.876
1.7539,27.897
1.7578,27.916
1.7617,27.936
1.7656,27.971
1.7695,27.97
1.7734,27.957
1.7773,27.936
1.7813,27.93
1.7852,27.965
1.7891,28.024
1.793,28.049
1.7969,28.031
1.8008,28.024
1.8047,28.008
1.8086,27.951
1.8125,27.924
1.8164,27.917
1.8203,27.942
1.8242,27.952
1.8281,27.902
1.832,27.899
1.8359,27.922
1.8398,27.881
1.8438,27.823
1.8477,27.785
1.8516,27.835
1.8555,27.824
1.8594,27.823
1.8633,27.837
1.8672,27.845
1.8711,27.848
1.875,27.843
1.8789,27.815
1.8828,27.805
1.8867,27.79
1.8906,27.799
1.8945,27.811
1.8984,27.827
1.9023,27.856
1.9063,27.843
1.9102,27.82
1.9141,27.815
1.918,27.814
1.9219,27.796
1.9258,27.793
1.9297,27.782
1.9336,27.773
1.9375,27.835
1.9414,27.92
1.9453,28.107
1.9492,28.449
1.9531,28.892
1.957,29.307
1.9609,29.39
1.9648,29.421
1.9688,29.153
1.9727,28.549
1.9766,28.055
1.9805,27.699
1.9844,27.498
1.9883,27.458
1.9922,27.445
1.9961,27.513
2,27.633
2.0039,27.729
2.0078,27.832
2.0117,27.929
2.0156,27.948
2.0195,27.954
2.0234,27.974
2.0273,27.981
2.0313,27.983
2.0352,28.001
2.0391,28.058
2.043,27.997
2.0469,27.986
2.0508,27.999
2.0547,27.996
2.0586,28.002
2.0625,27.964
2.0664,27.994
2.0703,27.943
2.0742,27.94
2.0781,27.988
2.082,28.051
2.0859,28.066
2.0898,28.033
2.0938,28.054
2.0977,28.068
2.1016,28.064
2.1055,28.053
2.1094,28.038
2.1133,27.996
2.1172,28.008
2.1211,28.059
2.125,28.073
2.1289,28.098
2.1328,28.115
2.1367,28.161
2.1406,28.14
2.1445,28.121
2.1484,28.189
2.1523,28.253
2.1563,28.266
2.1602,28.261
2.1641,28.267
2.168,28.313
2.1719,28.375
2.1758,28.404
2.1797,28.44
2.1836,28.47
2.1875,28.503
2.1914,28.507
2.1953,28.509
2.1992,28.515
2.2031,28.539
2.207,28.563
2.2109,28.615
2.2148,28.62
2.2188,28.682
2.2227,28.691
2.2266,28.655
2.2305,28.652
2.2344,28.676
2.2383,28.629
2.2422,28.559
2.2461,28.539
2.25,28.475
2.2539,28.443
2.2578,28.389
2.2617,28.297
2.2656,28.23
2.2695,28.159
2.2734,28.134
2.2773,28.108
2.2813,28.132
2.2852,28.134
2.2891,28.138
2.293,28.139
2.2969,28.094
2.3008,28.059
2.3047,28.07
2.3086,28.091
2.3125,28.103
2.3164,28.117
2.3203,28.073
2.3242,28.08
2.3281,28.068
2.332,28.053
2.3359,28.064
2.3398,28.049
2.3438,28.025
2.3477,28.001
2.3516,27.995
2.3555,28.008
2.3594,27.987
2.3633,27.973
2.3672,27.988
2.3711,27.989
2.375,27.97
2.3789,27.972
2.3828,27.997
2.3867,28.006
2.3906,27.99
2.3945,27.987
2.3984,28.019
2.4023,28.05
2.4063,28.057
2.4102,28.033
2.4141,28.024
2.418,28.009
2.4219,27.946
2.4258,27.862
2.4297,27.8
2.4336,27.76
2.4375,27.749
2.4414,27.686
2.4453,27.615
2.4492,27.67
2.4531,27.794
2.457,27.967
2.4609,27.95
2.4648,27.884
2.4688,27.867
2.4727,27.903
2.4766,27.908
2.4805,27.934
2.4844,27.933
2.4883,27.965
2.4922,27.944
2.4961,27.954
2.5,27.957
2.5039,27.945
2.5078,27.951
2.5117,27.961
2.5156,27.936
2.5195,27.975
2.5234,27.998
2.5273,27.97
2.5313,27.952
2.5352,27.917
2.5391,27.879
2.543,27.859
2.5469,27.873
2.5508,27.878
2.5547,27.884
2.5586,27.819
2.5625,27.816
2.5664,27.833
2.5703,27.756
2.5742,27.736
2.5781,27.718
2.582,27.718
2.5859,27.708
2.5898,27.696
2.5938,27.687
2.5977,27.68
2.6016,27.706
2.6055,27.725
2.6094,27.748
2.6133,27.717
2.6172,27.702
2.6211,27.711
2.625,27.706
2.6289,27.656
2.6328,27.659
2.6367,27.703
2.6406,27.734
2.6445,27.729
2.6484,27.762
2.6523,27.794
2.6563,27.777
2.6602,27.759
2.6641,27.774
2.668,27.79
2.6719,27.776
2.6758,27.774
2.6797,27.796
2.6836,27.884
2.6875,27.938
2.6914,27.991
2.6953,28.029
2.6992,28.129
2.7031,28.199
2.707,28.211
2.7109,28.197
2.7148,28.267
2.7188,28.199
2.7227,28.148
2.7266,28.224
2.7305,28.207
2.7344,28.178
2.7383,28.191
2.7422,28.187
2.7461,28.184
2.75,28.181
2.7539,28.147
2.7578,28.147
2.7617,28.146
2.7656,28.18
2.7695,28.193
2.7734,28.191
2.7773,28.165
2.7813,28.116
2.7852,28.099
2.7891,28.074
2.793,28.021
2.7969,27.946
2.8008,27.92
2.8047,27.931
2.8086,27.907
2.8125,27.835
2.8164,27.867
2.8203,27.885
2.8242,27.883
2.8281,27.939
2.832,27.95
2.8359,27.995
2.8398,28.003
2.8438,27.984
2.8477,28.008
2.8516,28.061
2.8555,28.082
2.8594,28.16
2.8633,28.303
2.8672,28.212
2.8711,27.942
2.875,27.512
2.8789,27.125
2.8828,26.911
2.8867,26.761
2.8906,26.725
2.8945,26.878
2.8984,27.221
2.9023,27.515
2.9063,27.562
2.9102,27.671
2.9141,27.761
2.918,27.844
2.9219,27.888
2.9258,27.913
2.9297,27.942
2.9336,27.979
2.9375,27.967
2.9414,27.936
2.9453,27.89
2.9492,27.925
2.9531,27.955
2.957,28.022
2.9609,28.164
2.9648,28.499
2.9688,28.957
2.9727,29.358
2.9766,29.401
2.9805,29.383
2.9844,29.087
2.9883,28.579
2.9922,28.077
2.9961,27.667
3,27.466
3.0039,27.389
3.0078,27.334
3.0117,27.338
3.0156,27.498
3.0195,27.637
3.0234,27.758
3.0273,27.82
3.0313,27.838
3.0352,27.876
3.0391,27.886
3.043,27.863
3.0469,27.853
3.0508,27.863
3.0547,27.893
3.0586,27.941
3.0625,27.923
3.0664,27.924
3.0703,27.892
3.0742,27.957
3.0781,28.018
3.082,28.028
3.0859,28.048
3.0898,28.076
3.0938,28.032
3.0977,28.017
3.1016,28.014
3.1055,28.054
3.1094,28.166
3.1133,28.286
3.1172,28.349
3.1211,28.349
3.125,28.318
3.1289,28.258
3.1328,28.317
3.1367,28.405
3.1406,28.427
3.1445,28.383
3.1484,28.359
3.1523,28.359
3.1563,28.357
3.1602,28.403
3.1641,28.456
3.168,28.427
3.1719,28.338
3.1758,28.247
3.1797,28.189
3.1836,28.143
3.1875,28.084
3.1914,28.058
3.1953,28.083
3.1992,28.164
3.2031,28.247
3.207,28.334
3.2109,28.377
3.2148,28.409
3.2188,28.49
3.2227,28.527
3.2266,28.587
3.2305,28.604
3.2344,28.615
3.2383,28.634
3.2422,28.605
3.2461,28.589
3.25,28.582
3.2539,28.499
3.2578,28.403
3.2617,28.313
3.2656,28.195
3.2695,28.195
3.2734,28.032
3.2773,27.739
3.2813,27.615
3.2852,27.535
3.2891,27.513
3.293,27.4
3.2969,27.435
3.3008,27.528
3.3047,27.638
3.3086,27.728
3.3125,27.725
3.3164,27.762
3.3203,27.815
3.3242,27.803
3.3281,27.822
3.332,27.849
3.3359,27.872
3.3398,27.893
3.3438,27.902
3.3477,27.865
3.3516,27.844
3.3555,27.812
3.3594,27.792
3.3633,27.826
3.3672,27.859
3.3711,27.876
3.375,27.891
3.3789,27.853
3.3828,27.833
3.3867,27.844
3.3906,27.833
3.3945,27.805
3.3984,27.779
3.4023,27.774
3.4063,27.749
3.4102,27.697
3.4141,27.691
3.418,27.721
3.4219,27.736
3.4258,27.665
3.4297,27.682
3.4336,27.765
3.4375,27.716
3.4414,27.704
3.4453,27.703
3.4492,27.668
3.4531,27.696
3.457,27.695
3.4609,27.661
3.4648,27.682
3.4688,27.719
3.4727,27.714
3.4766,27.737
3.4805,27.731
3.4844,27.727
3.4883,27.73
3.4922,27.764
3.4961,27.75
3.5,27.778
3.5039,27.791
3.5078,27.842
3.5117,27.855
3.5156,27.9
3.5195,27.978
3.5234,27.969
3.5273,27.934
3.5313,27.89
3.5352,27.959
3.5391,28.044
3.543,28.135
3.5469,28.148
3.5508,28.149
3.5547,28.188
3.5586,28.201
3.5625,28.157
3.5664,28.127
3.5703,28.049
3.5742,28.006
3.5781,28.001
3.582,28.06
3.5859,28.096
3.5898,28.154
3.5938,28.215
3.5977,28.242
3.6016,28.214
3.6055,28.257
3.6094,28.344
3.6133,28.341
3.6172,28.269
3.6211,28.122
3.625,27.918
3.6289,27.883
3.6328,27.866
3.6367,27.874
3.6406,27.826
3.6445,27.742
3.6484,27.779
3.6523,27.859
3.6563,27.973
3.6602,28.14
3.6641,28.347
3.668,28.483
3.6719,28.364
3.6758,28.151
3.6797,27.92
3.6836,27.592
3.6875,27.259
3.6914,27.074
3.6953,26.984
3.6992,26.956
3.7031,26.977
3.707,27.142
3.7109,27.254
3.7148,27.417
3.7188,27.533
3.7227,27.596
3.7266,27.603
3.7305,27.642
3.7344,27.633
3.7383,27.681
3.7422,27.713
3.7461,27.761
3.75,27.852
3.7539,27.95
3.7578,27.992
3.7617,28.023
3.7656,28.04
3.7695,27.978
3.7734,27.971
3.7773,27.976
3.7813,27.947
3.7852,27.926
3.7891,27.909
3.793,27.884
3.7969,27.965
3.8008,27.975
3.8047,27.92
3.8086,27.903
3.8125,27.894
3.8164,27.925
3.8203,27.903
3.8242,27.886
3.8281,27.868
3.832,27.88
3.8359,27.893
3.8398,27.899
3.8438,27.885
3.8477,27.887
3.8516,27.903
3.8555,27.923
3.8594,27.918
3.8633,27.935
3.8672,27.992
3.8711,27.989
3.875,27.997
3.8789,28.125
3.8828,28.303
3.8867,28.271
3.8906,28.212
3.8945,28.284
3.8984,28.309
3.9023,28.405
3.9063,28.55
3.9102,28.697
3.9141,28.725
3.918,28.602
3.9219,28.572
3.9258,28.463
3.9297,28.389
3.9336,28.342
3.9375,28.291
3.9414,28.239
3.9453,28.131
3.9492,28.086
3.9531,28.08
3.957,28.108
3.9609,28.066
3.9648,28.092
3.9688,28.119
3.9727,28.079
3.9766,28.084
3.9805,28.125
3.9844,28.257
3.9883,28.491
3.9922,28.649
3.9961,29.04
4,29.297
4.0039,29.35
4.0078,29.18
4.0117,28.715
4.0156,28.236
4.0195,27.827
4.0234,27.558
4.0273,27.466
4.0313,27.43
4.0352,27.506
4.0391,27.613
4.043,27.714
4.0469,27.83
4.0508,27.932
4.0547,27.997
4.0586,27.996
4.0625,28.006
4.0664,28.016
4.0703,28.027
4.0742,27.974
4.0781,27.996
4.082,28.066
4.0859,28.121
4.0898,28.093
4.0938,28.084
4.0977,28.099
4.1016,28.088
4.1055,28.112
4.1094,28.097
4.1133,28.11
4.1172,28.118
4.1211,28.138
4.125,28.112
4.1289,28.083
4.1328,28.121
4.1367,28.146
4.1406,28.17
4.1445,28.175
4.1484,28.162
4.1523,28.186
4.1563,28.189
4.1602,28.2
4.1641,28.225
4.168,28.235
4.1719,28.277
4.1758,28.289
4.1797,28.29
4.1836,28.308
4.1875,28.271
4.1914,28.284
4.1953,28.315
4.1992,28.349
4.2031,28.358
4.207,28.334
4.2109,28.35
4.2148,28.41
4.2188,28.411
4.2227,28.436
4.2266,28.466
4.2305,28.497
4.2344,28.546
4.2383,28.527
4.2422,28.555
4.2461,28.574
4.25,28.566
4.2539,28.621
4.2578,28.606
4.2617,28.601
4.2656,28.601
4.2695,28.59
4.2734,28.565
4.2773,28.551
4.2813,28.535
4.2852,28.461
4.2891,28.453
4.293,28.421
4.2969,28.383
4.3008,28.335
4.3047,28.277
4.3086,28.235
4.3125,28.182
4.3164,28.144
4.3203,28.123
4.3242,28.091
4.3281,28.039
4.332,28.006
4.3359,28.018
4.3398,27.992
4.3438,27.978
4.3477,27.973
4.3516,27.966
4.3555,27.972
4.3594,27.956
4.3633,27.932
4.3672,27.96
4.3711,27.967
4.375,27.962
4.3789,27.965
4.3828,27.957
4.3867,27.944
4.3906,27.957
4.3945,27.956
4.3984,27.979
4.4023,27.978
4.4063,27.962
4.4102,27.975
4.4141,27.994
4.418,28.012
4.4219,28.013
4.4258,28.013
4.4297,28.021
4.4336,28.047
4.4375,28.051
4.4414,28.052
4.4453,28.014
4.4492,28.043
4.4531,28.028
4.457,28.066
4.4609,28.046
4.4648,28.075
4.4688,28.135
4.4727,28.188
4.4766,28.109
4.4805,28.122
4.4844,28.117
4.4883,28.133
4.4922,28.131
4.4961,28.118
4.5,28.142
4.5039,28.173
4.5078,28.142
4.5117,28.183
4.5156,28.197
4.5195,28.182
4.5234,28.174
4.5273,28.155
4.5313,28.147
4.5352,28.169
4.5391,28.132
4.543,28.097
4.5469,28.138
4.5508,28.193
4.5547,28.198
4.5586,28.153
4.5625,28.104
4.5664,28.122
4.5703,28.106
4.5742,28.11
4.5781,28.065
4.582,28.069
4.5859,28.082
4.5898,28.089
4.5938,28.068
4.5977,28.044
4.6016,28.026
4.6055,28.002
4.6094,28.001
4.6133,27.979
4.6172,27.988
4.6211,28.003
4.625,28.002
4.6289,27.982
4.6328,28.002
4.6367,28.014
4.6406,28.036
4.6445,28.049
4.6484,28.078
4.6523,28.136
4.6563,28.111
4.6602,28.078
4.6641,28.114
4.668,28.152
4.6719,28.096
4.6758,28.094
4.6797,28.077
4.6836,28.075
4.6875,28.075
4.6914,28.07
4.6953,28.077
4.6992,28.048
4.7031,28.062
4.707,28.035
4.7109,28.052
4.7148,28.044
4.7188,28.051
4.7227,28.052
4.7266,28.023
4.7305,28.01
4.7344,28.055
4.7383,28.089
4.7422,28.075
4.7461,28.084
4.75,28.109
4.7539,28.069
4.7578,28.07
4.7617,28.081
4.7656,28.115
4.7695,28.122
4.7734,28.128
4.7773,28.1
4.7813,28.127
4.7852,28.141
4.7891,28.157
4.793,28.145
4.7969,28.128
4.8008,28.123
4.8047,28.133
4.8086,28.178
4.8125,28.197
4.8164,28.174
4.8203,28.151
4.8242,28.136
4.8281,28.114
4.832,28.168
4.8359,28.219
4.8398,28.208
4.8438,28.172
4.8477,28.16
4.8516,28.142
4.8555,28.137
4.8594,28.181
4.8633,28.168
4.8672,28.119
4.8711,28.142
4.875,28.159
4.8789,28.181
4.8828,28.15
4.8867,28.104
4.8906,28.056
4.8945,28.026
4.8984,28.022
4.9023,28.023
4.9063,28
4.9102,27.976
4.9141,27.969
4.918,27.974
4.9219,28.004
4.9258,27.976
4.9297,28.026
4.9336,28.017
4.9375,28.009
4.9414,28.009
4.9453,28.024
4.9492,28.023
4.9531,28.011
4.957,28.023
4.9609,28.001
4.9648,27.985
4.9688,27.991
4.9727,28.004
4.9766,27.981
4.9805,27.959
4.9844,27.997
4.9883,28.036
4.9922,28.183
4.9961,28.444
5,28.822
5.0039,29.205
5.0078,29.272
5.0117,29.261
5.0156,29.075
5.0195,28.678
5.0234,28.299
5.0273,27.932
5.0313,27.673
5.0352,27.591
5.0391,27.524
5.043,27.592
5.0469,27.758
5.0508,27.891
5.0547,28.022
5.0586,28.088
5.0625,28.102
5.0664,28.117
5.0703,28.099
5.0742,28.113
5.0781,28.103
5.082,28.102
5.0859,28.113
5.0898,28.097
5.0938,28.108
5.0977,28.129
5.1016,28.13
5.1055,28.141
5.1094,28.141
5.1133,28.147
5.1172,28.158
5.1211,28.162
5.125,28.165
5.1289,28.152
5.1328,28.153
5.1367,28.165
5.1406,28.148
5.1445,28.174
5.1484,28.191
5.1523,28.197
5.1563,28.204
5.1602,28.171
5.1641,28.181
5.168,28.215
5.1719,28.197
5.1758,28.237
5.1797,28.25
5.1836,28.262
5.1875,28.292
5.1914,28.297
5.1953,28.277
5.1992,28.313
5.2031,28.36
5.207,28.401
5.2109,28.424
5.2148,28.424
5.2188,28.456
5.2227,28.454
5.2266,28.463
5.2305,28.477
5.2344,28.507
5.2383,28.541
5.2422,28.555
5.2461,28.541
5.25,28.554
5.2539,28.618
5.2578,28.61
5.2617,28.597
5.2656,28.619
5.2695,28.657
5.2734,28.64
5.2773,28.646
5.2813,28.58
5.2852,28.575
5.2891,28.562
5.293,28.516
5.2969,28.486
5.3008,28.451
5.3047,28.408
5.3086,28.305
5.3125,28.233
5.3164,28.201
5.3203,28.135
5.3242,28.135
5.3281,28.126
5.332,28.094
5.3359,28.087
5.3398,28.074
5.3438,28.052
5.3477,28.044
5.3516,28.028
5.3555,28.036
5.3594,28.056
5.3633,28.089
5.3672,28.114
5.3711,28.109
5.375,28.068
5.3789,28.073
5.3828,28.045
5.3867,28.057
5.3906,28.019
5.3945,28.003
5.3984,28.002
5.4023,28.019
5.4063,28.012
5.4102,27.995
5.4141,28.027
5.418,28.064
5.4219,28.05
5.4258,28.061
5.4297,28.069
5.4336,28.073
5.4375,28.096
5.4414,28.093
5.4453,28.089
5.4492,28.096
5.4531,28.078
5.457,28.062
5.4609,28.053
5.4648,28.052
5.4688,28.054
5.4727,28.057
5.4766,28.045
5.4805,28.022
5.4844,28.042
5.4883,27.993
5.4922,28.025
5.4961,28.072
5.5,28.12
5.5039,28.13
5.5078,28.108
5.5117,28.077
5.5156,28.062
5.5195,28.049
5.5234,28.052
5.5273,28.057
5.5313,28.059
5.5352,28.032
5.5391,27.993
5.543,28.021
5.5469,28.055
5.5508,28.073
5.5547,28.072
5.5586,28.054
5.5625,28.029
5.5664,28.023
5.5703,28.055
5.5742,28.039
5.5781,28.051
5.582,28.05
5.5859,28.04
5.5898,28.038
5.5938,28.023
5.5977,28.024
5.6016,28.038
5.6055,28.032
5.6094,28.014
5.6133,28.019
5.6172,28.033
5.6211,28.027
5.625,28.02
5.6289,28.028
5.6328,28.02
5.6367,28.015
5.6406,27.995
5.6445,27.976
5.6484,28.005
5.6523,28.013
5.6563,28.014
5.6602,28.015
5.6641,28.046
5.668,28.048
5.6719,28.03
5.6758,28.033
5.6797,28.036
5.6836,28.034
5.6875,28.021
5.6914,28.012
5.6953,27.999
5.6992,28
5.7031,27.976
5.707,27.979
5.7109,27.987
5.7148,27.979
5.7188,28.011
5.7227,28.03
5.7266,28.024
5.7305,28.004
5.7344,28.009
5.7383,28.031
5.7422,28.023
5.7461,28.005
5.75,28.016
5.7539,28.01
5.7578,27.99
5.7617,27.997
5.7656,28.007
5.7695,28.007
5.7734,28.011
5.7773,28.002
5.7813,27.987
5.7852,27.95
5.7891,27.921
5.793,27.957
5.7969,28.033
5.8008,28.045
5.8047,28.041
5.8086,28.038
5.8125,28.031
5.8164,28.051
5.8203,28.067
5.8242,28.096
5.8281,28.117
5.832,28.096
5.8359,28.093
5.8398,28.093
5.8438,28.087
5.8477,28.101
5.8516,28.141
5.8555,28.186
5.8594,28.206
5.8633,28.187
5.8672,28.178
5.8711,28.143
5.875,28.086
5.8789,28.085
5.8828,28.116
5.8867,28.11
5.8906,28.11
5.8945,28.082
5.8984,28.051
5.9023,28.036
5.9063,28.045
5.9102,28.05
5.9141,28.052
5.918,28.076
5.9219,28.046
5.9258,28.013
5.9297,28.026
5.9336,28.018
5.9375,28.024
5.9414,28.057
5.9453,28.056
5.9492,28.066
5.9531,28.096
5.957,28.101
5.9609,28.111
5.9648,28.093
5.9688,28.094
5.9727,28.085
5.9766,28.1
5.9805,28.088
5.9844,28.071
5.9883,28.081
5.9922,28.091
5.9961,28.08
6,28.021
6.0039,28.061
6.0078,28.101
6.0117,28.19
6.0156,28.341
6.0195,28.587
6.0234,28.726
6.0273,29.098
6.0313,29.193
6.0352,29.129
6.0391,28.822
6.043,28.347
6.0469,27.998
6.0508,27.662
6.0547,27.47
6.0586,27.426
6.0625,27.461
6.0664,27.574
6.0703,27.64
6.0742,27.819
6.0781,27.937
6.082,28.02
6.0859,28.024
6.0898,27.984
6.0938,27.984
6.0977,28.013
6.1016,28.092
6.1055,28.109
6.1094,28.06
6.1133,28.122
6.1172,28.151
6.1211,28.166
6.125,28.214
6.1289,28.238
6.1328,28.254
6.1367,28.292
6.1406,28.342
6.1445,28.321
6.1484,28.336
6.1523,28.326
6.1563,28.267
6.1602,28.277
6.1641,28.346
6.168,28.378
6.1719,28.421
6.1758,28.382
6.1797,28.311
6.1836,28.321
6.1875,28.356
6.1914,28.317
6.1953,28.244
6.1992,28.265
6.2031,28.283
6.207,28.292
6.2109,28.243
6.2148,28.221
6.2188,28.137
6.2227,28.12
6.2266,28.07
6.2305,28.091
6.2344,28.096
6.2383,28.259
6.2422,28.22
6.2461,28.184
6.25,28.158
6.2539,28.175
6.2578,28.173
6.2617,28.121
6.2656,28.156
6.2695,28.139
6.2734,28.185
6.2773,28.163
6.2813,28.103
6.2852,28.146
6.2891,28.158
6.293,28.167
6.2969,28.109
6.3008,28.057
6.3047,28.085
6.3086,28.085
6.3125,28.089
6.3164,28.035
6.3203,28.024
6.3242,27.905
6.3281,27.828
6.332,27.808
6.3359,27.711
6.3398,27.653
6.3438,27.546
6.3477,27.476
6.3516,27.498
6.3555,27.408
6.3594,27.355
6.3633,27.356
6.3672,27.31
6.3711,27.285
6.375,27.256
6.3789,27.22
6.3828,27.208
6.3867,27.224
6.3906,27.264
6.3945,27.26
6.3984,27.271
6.4023,27.356
6.4063,27.395
6.4102,27.42
6.4141,27.422
6.418,27.448
6.4219,27.514
6.4258,27.531
6.4297,27.512
6.4336,27.481
6.4375,27.481
6.4414,27.436
6.4453,27.485
6.4492,27.495
6.4531,27.508
6.457,27.521
6.4609,27.508
6.4648,27.535
6.4688,27.546
6.4727,27.558
6.4766,27.509
6.4805,27.54
6.4844,27.535
6.4883,27.572
6.4922,27.617
6.4961,27.652
6.5,27.632
6.5039,27.597
6.5078,27.618
6.5117,27.637
6.5156,27.648
6.5195,27.668
6.5234,27.676
6.5273,27.672
6.5313,27.669
6.5352,27.684
6.5391,27.701
6.543,27.761
6.5469,27.725
6.5508,27.749
6.5547,27.706
6.5586,27.711
6.5625,27.699
6.5664,27.715
6.5703,27.804
6.5742,27.796
6.5781,27.788
6.582,27.764
6.5859,27.75
6.5898,27.817
6.5938,27.817
6.5977,27.799
6.6016,27.771
6.6055,27.771
6.6094,27.78
6.6133,27.789
6.6172,27.816
6.6211,27.804
6.625,27.81
6.6289,27.882
6.6328,27.849
6.6367,27.86
6.6406,27.893
6.6445,27.876
6.6484,27.919
6.6523,27.878
6.6563,27.912
6.6602,27.869
6.6641,27.854
6.668,27.879
6.6719,27.885
6.6758,27.881
6.6797,27.878
6.6836,27.848
6.6875,27.867
6.6914,27.845
6.6953,27.856
6.6992,27.843
6.7031,27.785
6.707,27.885
6.7109,27.884
6.7148,27.849
6.7188,27.853
6.7227,27.852
6.7266,27.817
6.7305,27.88
6.7344,27.81
6.7383,27.829
6.7422,27.828
6.7461,27.847
6.75,27.848
6.7539,27.858
6.7578,27.818
6.7617,27.832
6.7656,27.86
6.7695,27.847
6.7734,27.805
6.7773,27.782
6.7813,27.792
6.7852,27.798
6.7891,27.783
6.793,27.79
6.7969,27.796
6.8008,27.833
6.8047,27.86
6.8086,27.836
6.8125,27.855
6.8164,27.891
6.8203,27.888
6.8242,27.876
6.8281,27.858
6.832,27.856
6.8359,27.876
6.8398,27.891
6.8438,27.909
6.8477,27.894
6.8516,27.915
6.8555,27.855
6.8594,27.882
6.8633,27.917
6.8672,27.918
6.8711,27.958
6.875,27.966
6.8789,27.928
6.8828,27.914
6.8867,27.923
6.8906,27.927
6.8945,27.931
6.8984,27.932
6.9023,27.932
6.9063,27.924
6.9102,27.866
6.9141,27.855
6.918,27.848
6.9219,27.824
6.9258,27.839
6.9297,27.885
6.9336,27.871
6.9375,27.86
6.9414,27.836
6.9453,27.803
6.9492,27.774
6.9531,27.782
6.957,27.782
6.9609,27.824
6.9648,27.813
6.9688,27.773
6.9727,27.718
6.9766,27.72
6.9805,27.737
6.9844,27.741
6.9883,27.738
6.9922,27.754
6.9961,27.712
7,27.692
7.0039,27.732
7.0078,27.734
7.0117,27.729
7.0156,27.724
7.0195,27.748
7.0234,27.743
7.0273,27.826
7.0313,27.981
7.0352,28.33
7.0391,28.569
7.043,28.911
7.0469,29.014
7.0508,28.976
7.0547,28.67
7.0586,28.185
7.0625,27.814
7.0664,27.514
7.0703,27.415
7.0742,27.343
7.0781,27.353
7.082,27.431
7.0859,27.508
7.0898,27.61
7.0938,27.695
7.0977,27.729
7.1016,27.756
7.1055,27.852
7.1094,27.874
7.1133,27.894
7.1172,27.869
7.1211,27.875
7.125,27.866
7.1289,27.864
7.1328,27.83
7.1367,27.894
7.1406,27.876
7.1445,27.862
7.1484,27.85
7.1523,27.884
7.1563,27.86
7.1602,27.906
7.1641,27.983
7.168,27.984
7.1719,27.976
7.1758,28.005
7.1797,27.985
7.1836,27.983
7.1875,27.992
7.1914,27.979
7.1953,27.976
7.1992,28.038
7.2031,28.085
7.207,28.09
7.2109,28.11
7.2148,28.106
7.2188,28.118
7.2227,28.14
7.2266,28.091
7.2305,28.11
7.2344,28.141
7.2383,28.191
7.2422,28.262
7.2461,28.269
7.25,28.27
7.2539,28.314
7.2578,28.349
7.2617,28.365
7.2656,28.388
7.2695,28.422
7.2734,28.401
7.2773,28.436
7.2813,28.514
7.2852,28.491
7.2891,28.501
7.293,28.571
7.2969,28.571
7.3008,28.574
7.3047,28.571
7.3086,28.593
7.3125,28.594
7.3164,28.594
7.3203,28.547
7.3242,28.407
7.3281,28.402
7.332,28.43
7.3359,28.442
7.3398,28.35
7.3438,28.227
7.3477,28.211
7.3516,28.242
7.3555,28.24
7.3594,28.178
7.3633,28.134
7.3672,28.079
7.3711,28.014
7.375,27.989
7.3789,27.991
7.3828,27.931
7.3867,27.999
7.3906,28.056
7.3945,28.066
7.3984,28.03
7.4023,28.034
7.4063,28.018
7.4102,27.968
7.4141,27.987
7.418,27.991
7.4219,27.98
7.4258,28.007
7.4297,28.005
7.4336,28.032
7.4375,28.048
7.4414,28.016
7.4453,28.009
7.4492,28
7.4531,27.987
7.457,28.026
7.4609,27.981
7.4648,27.971
7.4688,28.008
7.4727,28.017
7.4766,28.009
7.4805,28.009
7.4844,28.02
7.4883,27.983
7.4922,27.966
7.4961,28.011
7.5,28.04
7.5039,28.046
7.5078,28.032
7.5117,28.057
7.5156,28.084
7.5195,28.098
7.5234,28.088
7.5273,28.061
7.5313,28.041
7.5352,28.052
7.5391,28.046
7.543,28.01
7.5469,27.991
7.5508,28.007
7.5547,28.024
7.5586,27.983
7.5625,27.983
7.5664,28.003
7.5703,28.01
7.5742,27.975
7.5781,27.988
7.582,27.961
7.5859,27.946
7.5898,27.962
7.5938,27.982
7.5977,27.99
7.6016,27.959
7.6055,27.976
7.6094,27.972
7.6133,27.982
7.6172,27.974
7.6211,28.014
7.625,28
7.6289,27.972
7.6328,27.99
7.6367,27.971
7.6406,27.968
7.6445,27.925
7.6484,27.846
7.6523,27.819
7.6563,27.796
7.6602,27.891
7.6641,27.914
7.668,27.9
7.6719,27.87
7.6758,27.88
7.6797,28.028
7.6836,28.044
7.6875,28.109
7.6914,28.109
7.6953,28.066
7.6992,27.993
7.7031,27.951
7.707,27.989
7.7109,28.008
7.7148,27.987
7.7188,27.96
7.7227,27.951
7.7266,27.929
7.7305,27.951
7.7344,27.967
7.7383,27.998
7.7422,27.969
7.7461,28.017
7.75,28.042
7.7539,28.052
7.7578,28.027
7.7617,28.023
7.7656,28.035
7.7695,28.043
7.7734,28.047
7.7773,28.054
7.7813,28.077
7.7852,28.079
7.7891,28.105
7.793,28.031
7.7969,28.063
7.8008,28.076
7.8047,28.106
7.8086,28.081
7.8125,28.023
7.8164,28.018
7.8203,28.071
7.8242,28.051
7.8281,28.042
7.832,27.991
7.8359,27.956
7.8398,27.994
7.8438,28.001
7.8477,27.989
7.8516,28.002
7.8555,28.013
7.8594,27.986
7.8633,28.002
7.8672,27.999
7.8711,27.965
7.875,27.961
7.8789,27.952
7.8828,27.997
7.8867,27.932
7.8906,27.87
7.8945,27.945
7.8984,28.011
7.9023,28.062
7.9063,28.022
7.9102,28.004
7.9141,28.02
7.918,28.028
7.9219,28.028
7.9258,27.964
7.9297,27.983
7.9336,28.04
7.9375,28.184
7.9414,28.473
7.9453,28.928
7.9492,29.364
7.9531,29.483
7.957,29.39
7.9609,29.019
7.9648,28.54
7.9688,28.092
7.9727,27.698
7.9766,27.619
7.9805,27.614
7.9844,27.585
7.9883,27.629
7.9922,27.712
7.9961,27.838
8,28.03
8.0039,28.11
8.0078,28.068
8.0117,28.106
8.0156,28.162
8.0195,28.194
8.0234,28.194
8.0273,28.175
8.0313,28.175
8.0352,28.161
8.0391,28.134
8.043,28.119
8.0469,28.125
8.0508,28.212
8.0547,28.258
8.0586,28.231
8.0625,28.19
8.0664,28.213
8.0703,28.207
8.0742,28.263
8.0781,28.267
8.082,28.302
8.0859,28.288
8.0898,28.318
8.0938,28.314
8.0977,28.31
8.1016,28.317
8.1055,28.302
8.1094,28.293
8.1133,28.288
8.1172,28.331
8.1211,28.317
8.125,28.318
8.1289,28.297
8.1328,28.356
8.1367,28.419
8.1406,28.384
8.1445,28.442
8.1484,28.49
8.1523,28.51
8.1563,28.551
8.1602,28.542
8.1641,28.569
8.168,28.567
8.1719,28.542
8.1758,28.623
8.1797,28.674
8.1836,28.7
8.1875,28.719
8.1914,28.718
8.1953,28.704
8.1992,28.718
8.2031,28.737
8.207,28.747
8.2109,28.684
8.2148,28.682
8.2188,28.665
8.2227,28.602
8.2266,28.63
8.2305,28.709
8.2344,28.72
8.2383,28.64
8.2422,28.577
8.2461,28.478
8.25,28.446
8.2539,28.392
8.2578,28.34
8.2617,28.319
8.2656,28.365
8.2695,28.34
8.2734,28.328
8.2773,28.272
8.2813,28.215
8.2852,28.206
8.2891,28.205
8.293,28.168
8.2969,28.134
8.3008,28.113
8.3047,28.124
8.3086,28.135
8.3125,28.141
8.3164,28.124
8.3203,28.069
8.3242,28.129
8.3281,28.147
8.332,28.149
8.3359,28.179
8.3398,28.118
8.3438,28.056
8.3477,28.105
8.3516,28.109
8.3555,28.05
8.3594,28.11
8.3633,28.191
8.3672,28.223
8.3711,28.215
8.375,28.175
8.3789,28.143
8.3828,28.135
8.3867,28.15
8.3906,28.166
8.3945,28.141
8.3984,28.161
8.4023,28.133
8.4063,28.138
8.4102,28.142
8.4141,28.135
8.418,28.131
8.4219,28.113
8.4258,28.122
8.4297,28.065
8.4336,28.079
8.4375,28.086
8.4414,28.091
8.4453,28.167
8.4492,28.206
8.4531,28.176
8.457,28.175
8.4609,28.202
8.4648,28.148
8.4688,28.125
8.4727,28.107
8.4766,28.104
8.4805,28.105
8.4844,28.125
8.4883,28.117
8.4922,28.11
8.4961,28.146
8.5,28.169
8.5039,28.157
8.5078,28.153
8.5117,28.158
8.5156,28.153
8.5195,28.116
8.5234,28.177
8.5273,28.197
8.5313,28.207
8.5352,28.223
8.5391,28.168
8.543,28.14
8.5469,28.142
8.5508,28.153
8.5547,28.133
8.5586,28.141
8.5625,28.141
8.5664,28.141
8.5703,28.116
8.5742,28.018
8.5781,28.003
8.582,28.007
8.5859,28.017
8.5898,28.024
8.5938,28.016
8.5977,28.02
8.6016,28.025
8.6055,28.039
8.6094,28.023
8.6133,27.986
8.6172,27.964
8.6211,27.884
8.625,27.909
8.6289,27.91
8.6328,27.922
8.6367,27.964
8.6406,27.958
8.6445,27.981
8.6484,27.992
8.6523,27.927
8.6563,27.969
8.6602,27.948
8.6641,27.924
8.668,27.944
8.6719,27.887
8.6758,27.869
8.6797,27.902
8.6836,27.897
8.6875,27.79
8.6914,27.891
8.6953,27.969
8.6992,27.93
8.7031,27.953
8.707,27.955
8.7109,27.941
8.7148,27.842
8.7188,27.889
8.7227,27.889
8.7266,27.801
8.7305,27.838
8.7344,27.905
8.7383,27.886
8.7422,27.829
8.7461,27.86
8.75,27.864
8.7539,27.838
8.7578,27.852
8.7617,27.82
8.7656,27.869
8.7695,27.935
8.7734,27.851
8.7773,27.769
8.7813,27.779
8.7852,27.865
8.7891,28.014
8.793,28.267
8.7969,28.605
8.8008,29.08
8.8047,29.387
8.8086,29.316
8.8125,29.03
8.8164,28.607
8.8203,28.111
8.8242,27.721
8.8281,27.536
8.832,27.512
8.8359,27.447
8.8398,27.451
8.8438,27.561
8.8477,27.705
8.8516,27.766
8.8555,27.858
8.8594,27.89
8.8633,27.919
8.8672,27.95
8.8711,27.953
8.875,27.925
8.8789,27.933
8.8828,27.975
8.8867,27.995
8.8906,27.967
8.8945,27.967
8.8984,27.969
8.9023,27.944
8.9063,27.956
8.9102,27.997
8.9141,28.037
8.918,28.026
8.9219,28.005
8.9258,28.019
8.9297,27.994
8.9336,27.987
8.9375,28.078
8.9414,28.136
8.9453,28.118
8.9492,28.078
8.9531,28.134
8.957,28.169
8.9609,28.185
8.9648,28.213
8.9688,28.222
8.9727,28.216
8.9766,28.216
8.9805,28.2
8.9844,28.238
8.9883,28.299
8.9922,28.408
8.9961,28.423
9,28.419
9.0039,28.444
9.0078,28.427
9.0117,28.433
9.0156,28.492
9.0195,28.558
9.0234,28.575
9.0273,28.587
9.0313,28.632
9.0352,28.65
9.0391,28.681
9.043,28.668
9.0469,28.68
9.0508,28.681
9.0547,28.732
9.0586,28.736
9.0625,28.746
9.0664,28.745
9.0703,28.757
9.0742,28.747
9.0781,28.744
9.082,28.719
9.0859,28.605
9.0898,28.522
9.0938,28.492
9.0977,28.484
9.1016,28.452
9.1055,28.396
9.1094,28.332
9.1133,28.277
9.1172,28.243
9.1211,28.233
9.125,28.201
9.1289,28.227
9.1328,28.16
9.1367,28.137
9.1406,28.138
9.1445,28.096
9.1484,28.1
9.1523,28.021
9.1563,27.969
9.1602,27.924
9.1641,27.855
9.168,27.929
9.1719,27.974
9.1758,28.019
9.1797,28.06
9.1836,28.039
9.1875,27.949
9.1914,27.936
9.1953,27.915
9.1992,27.942
9.2031,27.88
9.207,27.807
9.2109,27.816
9.2148,27.827
9.2188,27.865
9.2227,27.84
9.2266,27.842
9.2305,27.864
9.2344,27.823
9.2383,27.882
9.2422,27.892
9.2461,27.878
9.25,27.9
9.2539,27.895
9.2578,27.86
9.2617,27.82
9.2656,27.799
9.2695,27.823
9.2734,27.793
9.2773,27.883
9.2813,27.906
9.2852,27.943
9.2891,27.979
9.293,27.886
9.2969,27.842
9.3008,27.82
9.3047,27.831
9.3086,27.847
9.3125,27.855
9.3164,27.876
9.3203,27.842
9.3242,27.807
9.3281,27.759
9.332,27.811
9.3359,27.857
9.3398,27.894
9.3438,27.831
9.3477,27.867
9.3516,27.873
9.3555,27.874
9.3594,27.865
9.3633,27.829
9.3672,27.769
9.3711,27.766
9.375,27.799
9.3789,27.835
9.3828,27.835
9.3867,27.833
9.3906,27.831
9.3945,27.774
9.3984,27.783
9.4023,27.807
9.4063,27.754
9.4102,27.787
9.4141,27.863
9.418,27.859
9.4219,27.784
9.4258,27.759
9.4297,27.793
9.4336,27.861
9.4375,27.865
9.4414,27.872
9.4453,27.855
9.4492,27.814
9.4531,27.771
9.457,27.848
9.4609,27.896
9.4648,27.922
9.4688,27.911
9.4727,27.872
9.4766,27.883
9.4805,27.905
9.4844,27.94
9.4883,27.915
9.4922,27.907
9.4961,27.992
9.5,27.978
9.5039,28.001
9.5078,28.018
9.5117,28.042
9.5156,28.033
9.5195,28.05
9.5234,28.024
9.5273,28.055
9.5313,28.109
9.5352,28.086
9.5391,28.034
9.543,28.034
9.5469,28.062
9.5508,28.031
9.5547,27.994
9.5586,27.979
9.5625,27.993
9.5664,27.997
9.5703,27.996
9.5742,27.992
9.5781,27.935
9.582,27.929
9.5859,27.952
9.5898,27.966
9.5938,27.951
9.5977,27.959
9.6016,27.979
9.6055,27.974
9.6094,27.975
9.6133,28.011
9.6172,28
9.6211,27.99
9.625,27.989
9.6289,27.976
9.6328,27.994
9.6367,28.02
9.6406,28.029
9.6445,28.005
9.6484,27.976
9.6523,27.98
9.6563,28.024
9.6602,27.975
9.6641,27.984
9.668,28.006
9.6719,28.056
9.6758,28.169
9.6797,28.378
9.6836,28.754
9.6875,29.18
9.6914,29.48
9.6953,29.506
9.6992,29.214
9.7031,28.69
9.707,28.207
9.7109,27.794
9.7148,27.628
9.7188,27.521
9.7227,27.549
9.7266,27.661
9.7305,27.696
9.7344,27.767
9.7383,27.859
9.7422,27.999
9.7461,28.006
9.75,27.998
9.7539,28.032
9.7578,28.114
9.7617,28.199
9.7656,28.204
9.7695,28.18
9.7734,28.168
9.7773,28.165
9.7813,28.175
9.7852,28.198
9.7891,28.133
9.793,28.098
9.7969,28.119
9.8008,28.112
9.8047,28.117
9.8086,28.129
9.8125,28.178
9.8164,28.167
9.8203,28.142
9.8242,28.125
9.8281,28.08
9.832,28.13
9.8359,28.17
9.8398,28.149
9.8438,28.113
9.8477,28.076
9.8516,28.121
9.8555,28.165
9.8594,28.154
9.8633,28.162
9.8672,28.176
9.8711,28.171
9.875,28.188
9.8789,28.159
9.8828,28.159
9.8867,28.181
9.8906,28.218
9.8945,28.275
9.8984,28.312
9.9023,28.33
9.9063,28.276
9.9102,28.275
9.9141,28.367
9.918,28.461
9.9219,28.493
9.9258,28.517
9.9297,28.511
9.9336,28.556
9.9375,28.568
9.9414,28.599
9.9453,28.62
9.9492,28.656
9.9531,28.678
9.957,28.634
9.9609,28.646
9.9648,28.638
9.9688,28.54
9.9727,28.56
9.9766,28.491
9.9805,28.506
9.9844,28.541
9.9883,28.482
9.9922,28.411
9.9961,28.349
10,28.353
10.004,28.344
10.008,28.307
10.012,28.274
10.016,28.267
10.02,28.233
10.023,28.204
10.027,28.217
10.031,28.17
10.035,28.162
10.039,28.18
10.043,28.146
10.047,28.187
10.051,28.236
10.055,28.303
10.059,28.301
10.063,28.28
10.066,28.298
10.07,28.319
10.074,28.316
10.078,28.328
10.082,28.328
10.086,28.385
10.09,28.377
10.094,28.388
10.098,28.405
10.102,28.4
10.105,28.391
10.109,28.368
10.113,28.442
10.117,28.419
10.121,28.425
10.125,28.474
10.129,28.529
10.133,28.554
10.137,28.572
10.141,28.503
10.145,28.519
10.148,28.461
10.152,28.401
10.156,28.376
10.16,28.323
10.164,28.353
10.168,28.316
10.172,28.318
10.176,28.371
10.18,28.377
10.184,28.393
10.188,28.386
10.191,28.362
10.195,28.357
10.199,28.343
10.203,28.336
10.207,28.291
10.211,28.211
10.215,28.22
10.219,28.184
10.223,28.159
10.227,28.204
10.23,28.222
10.234,28.22
10.238,28.183
10.242,28.12
10.246,28.111
10.25,28.133
10.254,28.152
10.258,28.116
10.262,28.149
10.266,28.136
10.27,28.101
10.273,28.07
10.277,28.053
10.281,28.078
10.285,28.053
10.289,28.03
10.293,28.035
10.297,28.032
10.301,28.043
10.305,28.021
10.309,28.018
10.313,28.069
10.316,28.079
10.32,28.047
10.324,28.06
10.328,28.064
10.332,28.052
10.336,28.062
10.34,28.009
10.344,27.989
10.348,28.028
10.352,28.034
10.355,28
10.359,27.991
10.363,28.022
10.367,28.045
10.371,28.045
10.375,28.032
10.379,28.053
10.383,28.057
10.387,28.107
10.391,28.101
10.395,28.093
10.398,28.07
10.402,28.057
10.406,28.059
10.41,28.057
10.414,28.096
10.418,28.105
10.422,28.133
10.426,28.101
10.43,28.029
10.434,27.994
10.438,28.122
10.441,28.171
10.445,28.157
10.449,28.088
10.453,28.068
10.457,28.073
10.461,28.089
10.465,28.096
10.469,28.058
10.473,27.978
10.477,27.959
10.48,27.947
10.484,27.932
10.488,27.915
10.492,27.927
10.496,27.948
10.5,27.949
10.504,27.923
10.508,27.887
10.512,27.912
10.516,27.949
10.52,27.972
10.523,27.974
10.527,27.964
10.531,27.962
10.535,27.966
10.539,27.964
10.543,27.944
10.547,27.945
10.551,27.939
10.555,27.894
10.559,27.86
10.563,27.912
10.566,27.979
10.57,28.193
10.574,28.506
10.578,28.915
10.582,29.295
10.586,29.416
10.59,29.432
10.594,29.162
10.598,28.649
10.602,28.237
10.605,27.896
10.609,27.689
10.613,27.624
10.617,27.607
10.621,27.673
10.625,27.734
10.629,27.873
10.633,28.012
10.637,28.066
10.641,28.053
10.645,28.081
10.648,28.093
10.652,28.114
10.656,28.118
10.66,28.122
10.664,28.117
10.668,28.146
10.672,28.141
10.676,28.13
10.68,28.129
10.684,28.138
10.688,28.107
10.691,28.153
10.695,28.199
10.699,28.225
10.703,28.182
10.707,28.174
10.711,28.201
10.715,28.276
10.719,28.276
10.723,28.244
10.727,28.256
10.73,28.261
10.734,28.252
10.738,28.246
10.742,28.24
10.746,28.243
10.75,28.264
10.754,28.259
10.758,28.252
10.762,28.285
10.766,28.288
10.77,28.36
10.773,28.393
10.777,28.422
10.781,28.45
10.785,28.417
10.789,28.389
10.793,28.46
10.797,28.524
10.801,28.558
10.805,28.59
10.809,28.596
10.813,28.619
10.816,28.632
10.82,28.65
10.824,28.694
10.828,28.726
10.832,28.782
10.836,28.802
10.84,28.78
10.844,28.762
10.848,28.776
10.852,28.773
10.855,28.748
10.859,28.726
10.863,28.698
10.867,28.653
10.871,28.619
10.875,28.561
10.879,28.501
10.883,28.469
10.887,28.425
10.891,28.385
10.895,28.334
10.898,28.32
10.902,28.313
10.906,28.277
10.91,28.24
10.914,28.193
10.918,28.166
10.922,28.148
10.926,28.158
10.93,28.155
10.934,28.149
10.938,28.124
10.941,28.088
10.945,28.06
10.949,28.096
10.953,28.091
10.957,28.095
10.961,28.106
10.965,28.11
10.969,28.14
10.973,28.14
10.977,28.149
10.98,28.19
10.984,28.202
10.988,28.189
10.992,28.159
10.996,28.18
11,28.229
11.004,28.245
11.008,28.245
11.012,28.224
11.016,28.221
11.02,28.218
11.023,28.216
11.027,28.216
11.031,28.237
11.035,28.225
11.039,28.212
11.043,28.2
11.047,28.211
11.051,28.214
11.055,28.214
11.059,28.23
11.063,28.223
11.066,28.251
11.07,28.214
11.074,28.208
11.078,28.201
11.082,28.192
11.086,28.207
11.09,28.195
11.094,28.206
11.098,28.201
11.102,28.187
11.105,28.198
11.109,28.172
11.113,28.203
11.117,28.208
11.121,28.184
11.125,28.259
11.129,28.284
11.133,28.238
11.137,28.237
11.141,28.232
11.145,28.215
11.148,28.238
11.152,28.261
11.156,28.29
11.16,28.278
11.164,28.301
11.168,28.313
11.172,28.295
11.176,28.29
11.18,28.282
11.184,28.266
11.188,28.268
11.191,28.283
11.195,28.293
11.199,28.327
11.203,28.311
11.207,28.318
11.211,28.294
11.215,28.283
11.219,28.272
11.223,28.258
11.227,28.253
11.23,28.246
11.234,28.239
11.238,28.239
11.242,28.22
11.246,28.18
11.25,28.212
11.254,28.266
11.258,28.286
11.262,28.269
11.266,28.272
11.27,28.25
11.273,28.233
11.277,28.224
11.281,28.237
11.285,28.256
11.289,28.28
11.293,28.281
11.297,28.291
11.301,28.293
11.305,28.314
11.309,28.318
11.313,28.305
11.316,28.297
11.32,28.258
11.324,28.229
11.328,28.258
11.332,28.254
11.336,28.31
11.34,28.33
11.344,28.293
11.348,28.294
11.352,28.261
11.355,28.201
11.359,28.232
11.363,28.24
11.367,28.174
11.371,28.17
11.375,28.188
11.379,28.228
11.383,28.207
11.387,28.172
11.391,28.161
11.395,28.118
11.398,28.116
11.402,28.133
11.406,28.134
11.41,28.122
11.414,28.125
11.418,28.136
11.422,28.134
11.426,28.154
11.43,28.174
11.434,28.147
11.438,28.086
11.441,28.122
11.445,28.167
11.449,28.17
11.453,28.158
11.457,28.144
11.461,28.145
11.465,28.151
11.469,28.14
11.473,28.147
11.477,28.151
11.48,28.136
11.484,28.163
11.488,28.185
11.492,28.328
11.496,28.599
11.5,28.958
11.504,29.387
11.508,29.588
11.512,29.543
11.516,29.162
11.52,28.659
11.523,28.245
11.527,27.929
11.531,27.791
11.535,27.769
11.539,27.692
11.543,27.724
11.547,27.822
11.551,27.938
11.555,28.049
11.559,28.09
11.563,28.136
11.566,28.15
11.57,28.185
11.574,28.208
11.578,28.232
11.582,28.258
11.586,28.237
11.59,28.26
11.594,28.273
11.598,28.282
11.602,28.256
11.605,28.26
11.609,28.28
11.613,28.279
11.617,28.264
11.621,28.277
11.625,28.299
11.629,28.308
11.633,28.33
11.637,28.351
11.641,28.349
11.645,28.332
11.648,28.344
11.652,28.342
11.656,28.326
11.66,28.344
11.664,28.369
11.668,28.397
11.672,28.414
11.676,28.433
11.68,28.439
11.684,28.451
11.688,28.445
11.691,28.45
11.695,28.486
11.699,28.512
11.703,28.514
11.707,28.524
11.711,28.539
11.715,28.569
11.719,28.597
11.723,28.61
11.727,28.629
11.73,28.649
11.734,28.686
11.738,28.71
11.742,28.729
11.746,28.732
11.75,28.744
11.754,28.763
11.758,28.729
11.762,28.678
11.766,28.733
11.77,28.768
11.773,28.735
11.777,28.71
11.781,28.689
11.785,28.694
11.789,28.684
11.793,28.626
11.797,28.534
11.801,28.506
11.805,28.433
11.809,28.387
11.813,28.363
11.816,28.319
11.82,28.294
11.824,28.282
11.828,28.237
11.832,28.236
11.836,28.181
11.84,28.168
11.844,28.184
11.848,28.194
11.852,28.174
11.855,28.162
11.859,28.156
11.863,28.167
11.867,28.157
11.871,28.156
11.875,28.149
11.879,28.158
11.883,28.141
11.887,28.133
11.891,28.112
11.895,28.127
11.898,28.147
11.902,28.164
11.906,28.164
11.91,28.152
11.914,28.136
11.918,28.165
11.922,28.171
11.926,28.18
11.93,28.158
11.934,28.158
11.938,28.143
11.941,28.157
11.945,28.148
11.949,28.189
11.953,28.129
11.957,28.138
11.961,28.144
11.965,28.146
11.969,28.153
11.973,28.156
11.977,28.15
11.98,28.146
11.984,28.154
11.988,28.153
11.992,28.17
11.996,28.159
12,28.152
12.004,28.15
12.008,28.153
12.012,28.141
12.016,28.164
12.02,28.164
12.023,28.15
12.027,28.14
12.031,28.136
12.035,28.134
12.039,28.098
12.043,28.099
12.047,28.1
12.051,28.13
12.055,28.119
12.059,28.112
12.063,28.102
12.066,28.106
12.07,28.121
12.074,28.111
12.078,28.119
12.082,28.121
12.086,28.117
12.09,28.117
12.094,28.119
12.098,28.109
12.102,28.096
12.105,28.128
12.109,28.113
12.113,28.11
12.117,28.103
12.121,28.103
12.125,28.088
12.129,28.041
12.133,28.087
12.137,28.073
12.141,28.089
12.145,28.084
12.148,28.081
12.152,28.08
12.156,28.088
12.16,28.071
12.164,28.079
12.168,28.102
12.172,28.088
12.176,28.121
12.18,28.158
12.184,28.149
12.188,28.138
12.191,28.124
12.195,28.159
12.199,28.162
12.203,28.164
12.207,28.161
12.211,28.187
12.215,28.237
12.219,28.234
12.223,28.198
12.227,28.167
12.23,28.122
12.234,28.113
12.238,28.143
12.242,28.137
12.246,28.12
12.25,28.146
12.254,28.152
12.258,28.129
12.262,28.074
12.266,28.055
12.27,28.057
12.273,27.992
12.277,28.036
12.281,28.063
12.285,28.022
12.289,28.034
12.293,28.042
12.297,28.056
12.301,28.047
12.305,28.081
12.309,28.028
12.313,28.053
12.316,27.998
12.32,27.991
12.324,28.015
12.328,28.002
12.332,27.985
12.336,28.011
12.34,27.987
12.344,27.998
12.348,27.991
12.352,27.981
12.355,28.02
12.359,28.125
12.363,28.274
12.367,28.499
12.371,28.901
12.375,29.315
12.379,29.475
12.383,29.313
12.387,28.838
12.391,28.333
12.395,27.897
12.398,27.648
12.402,27.6
12.406,27.592
12.41,27.594
12.414,27.574
12.418,27.696
12.422,27.772
12.426,27.872
12.43,27.984
12.434,28.036
12.438,28.09
12.441,28.073
12.445,28.096
12.449,28.095
12.453,28.102
12.457,28.085
12.461,28.133
12.465,28.143
12.469,28.127
12.473,28.135
12.477,28.106
12.48,28.08
12.484,28.132
12.488,28.157
12.492,28.1
12.496,28.1
12.5,28.131
12.504,28.154
12.508,28.145
12.512,28.151
12.516,28.124
12.52,28.159
12.523,28.116
12.527,28.119
12.531,28.168
12.535,28.168
12.539,28.141
12.543,28.14
12.547,28.156
12.551,28.213
12.555,28.168
12.559,28.171
12.563,28.245
12.566,28.237
12.57,28.316
12.574,28.27
12.578,28.28
12.582,28.317
12.586,28.342
12.59,28.356
12.594,28.413
12.598,28.336
12.602,28.386
12.605,28.408
12.609,28.407
12.613,28.415
12.617,28.453
12.621,28.485
12.625,28.444
12.629,28.473
12.633,28.461
12.637,28.455
12.641,28.413
12.645,28.393
12.648,28.408
12.652,28.363
12.656,28.353
12.66,28.277
12.664,28.21
12.668,28.173
12.672,28.124
12.676,28.068
12.68,27.989
12.684,27.976
12.688,27.95
12.691,27.913
12.695,27.908
12.699,27.869
12.703,27.869
12.707,27.777
12.711,27.734
12.715,27.78
12.719,27.86
12.723,27.826
12.727,27.851
12.73,27.803
12.734,27.78
12.738,27.766
12.742,27.803
12.746,27.73
12.75,27.79
12.754,27.743
12.758,27.73
12.762,27.687
12.766,27.736
12.77,27.776
12.773,27.654
12.777,27.713
12.781,27.762
12.785,27.697
12.789,27.707
12.793,27.696
12.797,27.713
12.801,27.708
12.805,27.706
12.809,27.723
12.813,27.68
12.816,27.708
12.82,27.705
12.824,27.648
12.828,27.716
12.832,27.699
12.836,27.684
12.84,27.691
12.844,27.682
12.848,27.707
12.852,27.679
12.855,27.674
12.859,27.668
12.863,27.659
12.867,27.628
12.871,27.62
12.875,27.667
12.879,27.617
12.883,27.632
12.887,27.619
12.891,27.631
12.895,27.583
12.898,27.591
12.902,27.589
12.906,27.602
12.91,27.537
12.914,27.567
12.918,27.601
12.922,27.598
12.926,27.52
12.93,27.52
12.934,27.552
12.938,27.568
12.941,27.601
12.945,27.542
12.949,27.518
12.953,27.524
12.957,27.518
12.961,27.52
12.965,27.55
12.969,27.463
12.973,27.511
12.977,27.471
12.98,27.479
12.984,27.484
12.988,27.513
12.992,27.536
12.996,27.524
13,27.554
13.004,27.48
13.008,27.563
13.012,27.536
13.016,27.576
13.02,27.592
13.023,27.637
13.027,27.639
13.031,27.563
13.035,27.541
13.039,27.525
13.043,27.533
13.047,27.547
13.051,27.472
13.055,27.449
13.059,27.481
13.063,27.453
13.066,27.49
13.07,27.474
13.074,27.42
13.078,27.434
13.082,27.35
13.086,27.41
13.09,27.357
13.094,27.399
13.098,27.384
13.102,27.392
13.105,27.376
13.109,27.392
13.113,27.35
13.117,27.319
13.121,27.337
13.125,27.326
13.129,27.329
13.133,27.33
13.137,27.347
13.141,27.337
13.145,27.398
13.148,27.392
13.152,27.353
13.156,27.327
13.16,27.289
13.164,27.294
13.168,27.393
13.172,27.493
13.176,27.73
13.18,28.131
13.184,28.526
13.188,28.883
13.191,28.829
13.195,28.829
13.199,28.036
13.203,28.036
13.207,27.142
13.211,26.908
13.215,26.872
13.219,26.891
13.223,26.911
13.227,26.958
13.23,27.033
13.234,27.214
13.238,27.248
13.242,27.322
13.246,27.321
13.25,27.409
13.254,27.36
13.258,27.364
13.262,27.311
13.266,27.274
13.27,27.39
13.273,27.463
13.277,27.524
13.281,27.457
13.285,27.443
13.289,27.514
13.293,27.521
13.297,27.481
13.301,27.44
13.305,27.427
13.309,27.454
13.313,27.448
13.316,27.491
13.32,27.49
13.324,27.527
13.328,27.531
13.332,27.446
13.336,27.443
13.34,27.51
13.344,27.534
13.348,27.558
13.352,27.523
13.355,27.571
13.359,27.571
13.363,27.532
13.367,27.539
13.371,27.535
13.375,27.592
13.379,27.648
13.383,27.637
13.387,27.627
13.391,27.633
13.395,27.652
13.398,27.654
13.402,27.661
13.406,27.663
13.41,27.739
13.414,27.759
13.418,27.769
13.422,27.85
13.426,27.784
13.43,27.864
13.434,27.872
13.438,27.8
13.441,27.83
13.445,27.796
13.449,27.783
13.453,27.809
13.457,27.763
13.461,27.707
13.465,27.699
13.469,27.629
13.473,27.565
13.477,27.557
13.48,27.506
13.484,27.388
13.488,27.396
13.492,27.372
13.496,27.366
13.5,27.256
13.504,27.29
13.508,27.316
13.512,27.318
13.516,27.231
13.52,27.23
13.523,27.251
13.527,27.209
13.531,27.156
13.535,27.207
13.539,27.225
13.543,27.244
13.547,27.222
13.551,27.134
13.555,27.121
13.559,27.216
13.563,27.234
13.566,27.251
13.57,27.302
13.574,27.285
13.578,27.238
13.582,27.266
13.586,27.209
13.59,27.24
13.594,27.234
13.598,27.244
13.602,27.255
13.605,27.213
13.609,27.243
13.613,27.254
13.617,27.221
13.621,27.21
13.625,27.165
13.629,27.234
13.633,27.193
13.637,27.193
13.641,27.233
13.645,27.221
13.648,27.25
13.652,27.232
13.656,27.232
13.66,27.222
13.664,27.219
13.668,27.202
13.672,27.244
13.676,27.177
13.68,27.203
13.684,27.204
13.688,27.208
13.691,27.243
13.695,27.219
13.699,27.211
13.703,27.211
13.707,27.206
13.711,27.229
13.715,27.19
13.719,27.204
13.723,27.177
13.727,27.165
13.73,27.202
13.734,27.197
13.738,27.189
13.742,27.167
13.746,27.196
13.75,27.177
13.754,27.194
13.758,27.183
13.762,27.154
13.766,27.084
13.77,27.132
13.773,27.133
13.777,27.17
13.781,27.182
13.785,27.207
13.789,27.288
13.793,27.315
13.797,27.257
13.801,27.21
13.805,27.266
13.809,27.289
13.813,27.344
13.816,27.37
13.82,27.32
13.824,27.327
13.828,27.262
13.832,27.283
13.836,27.318
13.84,27.297
13.844,27.281
13.848,27.285
13.852,27.243
13.855,27.234
13.859,27.245
13.863,27.258
13.867,27.204
13.871,27.194
13.875,27.185
13.879,27.179
13.883,27.203
13.887,27.217
13.891,27.185
13.895,27.189
13.898,27.183
13.902,27.189
13.906,27.21
13.91,27.184
13.914,27.221
13.918,27.19
13.922,27.233
13.926,27.222
13.93,27.169
13.934,27.206
13.938,27.201
13.941,27.19
13.945,27.152
13.949,27.187
13.953,27.117
13.957,27.16
13.961,27.22
13.965,27.357
13.969,27.642
13.973,28.034
13.977,28.555
13.98,28.869
13.984,28.898
13.988,28.651
13.992,28.088
13.996,27.476
14,27.188
14.004,26.849
14.008,26.771
14.012,26.754
14.016,26.776
14.02,26.869
14.023,27.006
14.027,27.124
14.031,27.201
14.035,27.285
14.039,27.26
14.043,27.3
14.047,27.303
14.051,27.339
14.055,27.357
14.059,27.366
14.063,27.403
14.066,27.399
14.07,27.403
14.074,27.418
14.078,27.422
14.082,27.422
14.086,27.387
14.09,27.408
14.094,27.406
14.098,27.407
14.102,27.415
14.105,27.442
14.109,27.453
14.113,27.445
14.117,27.449
14.121,27.44
14.125,27.477
14.129,27.475
14.133,27.506
14.137,27.505
14.141,27.529
14.145,27.54
14.148,27.537
14.152,27.539
14.156,27.537
14.16,27.566
14.164,27.581
14.168,27.605
14.172,27.631
14.176,27.607
14.18,27.649
14.184,27.668
14.188,27.708
14.191,27.746
14.195,27.775
14.199,27.801
14.203,27.781
14.207,27.808
14.211,27.843
14.215,27.862
14.219,27.889
14.223,27.868
14.227,27.873
14.23,27.859
14.234,27.89
14.238,27.875
14.242,27.864
14.246,27.862
14.25,27.812
14.254,27.815
14.258,27.774
14.262,27.716
14.266,27.645
14.27,27.639
14.273,27.618
14.277,27.591
14.281,27.537
14.285,27.475
14.289,27.45
14.293,27.426
14.297,27.426
14.301,27.373
14.305,27.39
14.309,27.358
14.313,27.388
14.316,27.348
14.32,27.336
14.324,27.358
14.328,27.366
14.332,27.323
14.336,27.336
14.34,27.379
14.344,27.364
14.348,27.368
14.352,27.357
14.355,27.359
14.359,27.347
14.363,27.368
14.367,27.378
14.371,27.371
14.375,27.366
14.379,27.379
14.383,27.377
14.387,27.382
14.391,27.358
14.395,27.396
14.398,27.378
14.402,27.392
14.406,27.39
14.41,27.417
14.414,27.423
14.418,27.445
14.422,27.398
14.426,27.379
14.43,27.395
14.434,27.411
14.438,27.435
14.441,27.429
14.445,27.424
14.449,27.418
14.453,27.403
14.457,27.41
14.461,27.419
14.465,27.451
14.469,27.443
14.473,27.424
14.477,27.429
14.48,27.445
14.484,27.435
14.488,27.417
14.492,27.423
14.496,27.436
14.5,27.448
14.504,27.423
14.508,27.418
14.512,27.413
14.516,27.427
14.52,27.424
14.523,27.421
14.527,27.428
14.531,27.446
14.535,27.456
14.539,27.436
14.543,27.419
14.547,27.44
14.551,27.432
14.555,27.419
14.559,27.401
14.563,27.409
14.566,27.411
14.57,27.441
14.574,27.451
14.578,27.462
14.582,27.447
14.586,27.451
14.59,27.458
14.594,27.487
14.598,27.533
14.602,27.538
14.605,27.51
14.609,27.514
14.613,27.495
14.617,27.555
14.621,27.568
14.625,27.61
14.629,27.586
14.633,27.603
14.637,27.578
14.641,27.55
14.645,27.553
14.648,27.558
14.652,27.541
14.656,27.529
14.66,27.5
14.664,27.491
14.668,27.544
14.672,27.537
14.676,27.496
14.68,27.448
14.684,27.442
14.688,27.459
14.691,27.435
14.695,27.429
14.699,27.422
14.703,27.447
14.707,27.429
14.711,27.421
14.715,27.427
14.719,27.439
14.723,27.435
14.727,27.466
14.73,27.465
14.734,27.438
14.738,27.432
14.742,27.438
14.746,27.446
14.75,27.42
14.754,27.435
14.758,27.446
14.762,27.456
14.766,27.446
14.77,27.45
14.773,27.52
14.777,27.665
14.781,27.902
14.785,28.22
14.789,28.664
14.793,29.063
14.797,29.166
14.801,29.171
14.805,28.763
14.809,28.026
14.813,27.494
14.816,27.156
14.82,27.044
14.824,27.044
14.828,27.031
14.832,27.105
14.836,27.218
14.84,27.325
14.844,27.424
14.848,27.53
14.852,27.538
14.855,27.574
14.859,27.613
14.863,27.593
14.867,27.593
14.871,27.609
14.875,27.615
14.879,27.62
14.883,27.636
14.887,27.654
14.891,27.66
14.895,27.67
14.898,27.675
14.902,27.695
14.906,27.696
14.91,27.699
14.914,27.677
14.918,27.675
14.922,27.717
14.926,27.736
14.93,27.757
14.934,27.772
14.938,27.777
14.941,27.791
14.945,27.776
14.949,27.792
14.953,27.798
14.957,27.804
14.961,27.823
14.965,27.845
14.969,27.844
14.973,27.87
14.977,27.886
14.98,27.907
14.984,27.916
14.988,27.908
14.992,27.94
14.996,27.963
15,28
15.004,28.016
15.008,28.033
15.012,28.029
15.016,28.084
15.02,28.12
15.023,28.14
15.027,28.147
15.031,28.177
15.035,28.193
15.039,28.188
15.043,28.196
15.047,28.193
15.051,28.225
15.055,28.223
15.059,28.221
15.063,28.221
15.066,28.187
15.07,28.137
15.074,28.127
15.078,28.08
15.082,28.019
15.086,27.987
15.09,27.95
15.094,27.928
15.098,27.891
15.102,27.854
15.105,27.801
15.109,27.783
15.113,27.744
15.117,27.73
15.121,27.723
15.125,27.742
15.129,27.763
15.133,27.751
15.137,27.751
15.141,27.76
15.145,27.758
15.148,27.762
15.152,27.767
15.156,27.776
15.16,27.784
15.164,27.791
15.168,27.796
15.172,27.777
15.176,27.754
15.18,27.742
15.184,27.759
15.188,27.762
15.191,27.764
15.195,27.737
15.199,27.756
15.203,27.774
15.207,27.756
15.211,27.779
15.215,27.773
15.219,27.766
15.223,27.756
15.227,27.774
15.23,27.781
15.234,27.775
15.238,27.772
15.242,27.776
15.246,27.764
15.25,27.799
15.254,27.801
15.258,27.787
15.262,27.781
15.266,27.778
15.27,27.791
15.273,27.795
15.277,27.803
15.281,27.789
15.285,27.788
15.289,27.76
15.293,27.758
15.297,27.767
15.301,27.773
15.305,27.764
15.309,27.766
15.313,27.767
15.316,27.776
15.32,27.746
15.324,27.719
15.328,27.727
15.332,27.752
15.336,27.764
15.34,27.725
15.344,27.713
15.348,27.761
15.352,27.757
15.355,27.767
15.359,27.759
15.363,27.756
15.367,27.764
15.371,27.74
15.375,27.723
15.379,27.716
15.383,27.741
15.387,27.758
15.391,27.767
15.395,27.766
15.398,27.748
15.402,27.752
15.406,27.745
15.41,27.734
15.414,27.755
15.418,27.778
15.422,27.779
15.426,27.775
15.43,27.779
15.434,27.776
15.438,27.744
15.441,27.773
15.445,27.792
15.449,27.789
15.453,27.749
15.457,27.775
15.461,27.813
15.465,27.831
15.469,27.822
15.473,27.834
15.477,27.834
15.48,27.844
15.484,27.852
15.488,27.86
15.492,27.87
15.496,27.877
15.5,27.889
15.504,27.885
15.508,27.891
15.512,27.913
15.516,27.937
15.52,27.959
15.523,27.97
15.527,27.999
15.531,28.024
15.535,28.017
15.539,27.994
15.543,28.005
15.547,28.033
15.551,28.062
15.555,28.076
15.559,28.092
15.563,28.096
15.566,28.093
15.57,28.047
15.574,28.018
15.578,28.038
15.582,28.054
15.586,28.029
15.59,27.997
15.594,27.988
15.598,27.992
15.602,28.008
15.605,27.994
15.609,27.937
15.613,27.922
15.617,27.937
15.621,27.94
15.625,27.96
15.629,27.955
15.633,27.954
15.637,27.917
15.641,27.868
15.645,27.894
15.648,27.888
15.652,27.898
15.656,27.883
15.66,27.885
15.664,27.899
15.668,27.89
15.672,27.877
15.676,27.872
15.68,27.876
15.684,27.9
15.688,27.874
15.691,27.86
15.695,27.863
15.699,27.848
15.703,27.863
15.707,27.902
15.711,28.034
15.715,28.318
15.719,28.702
15.723,29.183
15.727,29.605
15.73,29.766
15.734,29.589
15.738,29.33
15.742,28.588
15.746,27.999
15.75,27.617
15.754,27.466
15.758,27.45
15.762,27.495
15.766,27.612
15.77,27.754
15.773,27.861
15.777,27.953
15.781,27.995
15.785,28.011
15.789,28.008
15.793,28.033
15.797,28.079
15.801,28.067
15.805,28.083
15.809,28.092
15.813,28.095
15.816,28.095
15.82,28.076
15.824,28.067
15.828,28.093
15.832,28.123
15.836,28.149
15.84,28.151
15.844,28.148
15.848,28.155
15.852,28.153
15.855,28.147
15.859,28.141
15.863,28.16
15.867,28.176
15.871,28.177
15.875,28.17
15.879,28.195
15.883,28.192
15.887,28.19
15.891,28.201
15.895,28.229
15.898,28.266
15.902,28.245
15.906,28.262
15.91,28.31
15.914,28.327
15.918,28.316
15.922,28.324
15.926,28.347
15.93,28.383
15.934,28.41
15.938,28.427
15.941,28.453
15.945,28.497
15.949,28.53
15.953,28.527
15.957,28.533
15.961,28.549
15.965,28.582
15.969,28.591
15.973,28.59
15.977,28.609
15.98,28.61
15.984,28.606
15.988,28.612
15.992,28.619
15.996,28.618
16,28.611
16.004,28.57
16.008,28.515
16.012,28.471
16.016,28.476
16.02,28.436
16.023,28.384
16.027,28.362
16.031,28.322
16.035,28.285
16.039,28.237
16.043,28.198
16.047,28.186
16.051,28.151
16.055,28.101
16.059,28.05
16.063,28.041
16.066,28.065
16.07,28.096
16.074,28.111
16.078,28.084
16.082,28.074
16.086,28.049
16.09,28.06
16.094,28.075
16.098,28.07
16.102,28.054
16.105,28.03
16.109,28.045
16.113,28.052
16.117,28.036
16.121,28.046
16.125,28.021
16.129,28.045
16.133,28.054
16.137,28.045
16.141,28.05
16.145,28.047
16.148,28.069
16.152,28.078
16.156,28.075
16.16,28.061
16.164,28.09
16.168,28.082
16.172,28.072
16.176,28.078
16.18,28.092
16.184,28.088
16.188,28.079
16.191,28.076
16.195,28.057
16.199,28.076
16.203,28.061
16.207,28.061
16.211,28.048
16.215,28.053
16.219,28.051
16.223,28.064
16.227,28.071
16.23,28.073
16.234,28.096
16.238,28.073
16.242,28.085
16.246,28.09
16.25,28.101
16.254,28.085
16.258,28.08
16.262,28.062
16.266,28.071
16.27,28.072
16.273,28.057
16.277,28.041
16.281,28.067
16.285,28.048
16.289,28.008
16.293,28.002
16.297,28
16.301,28.022
16.305,28.03
16.309,28.02
16.313,28.016
16.316,28.033
16.32,28.033
16.324,28.019
16.328,28.034
16.332,28.025
16.336,28.002
16.34,28.012
16.344,28.013
16.348,28.023
16.352,28.02
16.355,28.02
16.359,28.021
16.363,28.036
16.367,28.023
16.371,28.035
16.375,28.044
16.379,28.058
16.383,28.044
16.387,28.037
16.391,28.035
16.395,28.019
16.398,28.028
16.402,28.034
16.406,28.013
16.41,28.021
16.414,28.026
16.418,28.046
16.422,28.036
16.426,28.021
16.43,28.029
16.434,28.032
16.438,28.01
16.441,28.005
16.445,28.028
16.449,28.029
16.453,28.036
16.457,28.05
16.461,28.015
16.465,28.019
16.469,28.044
16.473,28.05
16.477,28.052
16.48,28.052
16.484,28.038
16.488,28.035
16.492,28.025
16.496,28.036
16.5,28.052
16.504,28.082
16.508,28.057
16.512,28.046
16.516,28.061
16.52,28.046
16.523,28.037
16.527,28.042
16.531,28.095
16.535,28.08
16.539,28.08
16.543,28.09
16.547,28.167
16.551,28.185
16.555,28.176
16.559,28.17
16.563,28.189
16.566,28.172
16.57,28.164
16.574,28.167
16.578,28.221
16.582,28.246
16.586,28.229
16.59,28.179
16.594,28.179
16.598,28.171
16.602,28.167
16.605,28.184
16.609,28.175
16.613,28.165
16.617,28.141
16.621,28.129
16.625,28.157
16.629,28.157
16.633,28.104
16.637,28.079
16.641,28.084
16.645,28.089
16.648,28.062
16.652,28.066
16.656,28.071
16.66,28.071
16.664,28.084
16.668,28.077
16.672,28.048
16.676,28.05
16.68,28.061
16.684,28.06
16.688,28.061
16.691,28.043
16.695,28.059
16.699,28.052
16.703,28.056
16.707,28.058
16.711,28.051
16.715,28.052
16.719,28.063
16.723,28.046
16.727,28.001
16.73,28.03
16.734,28.099
16.738,28.255
16.742,28.553
16.746,28.95
16.75,29.439
16.754,29.644
16.758,29.847
16.762,29.795
16.766,29.238
16.77,28.534
16.773,28.032
16.777,27.733
16.781,27.645
16.785,27.646
16.789,27.695
16.793,27.8
16.797,27.971
16.801,28.083
16.805,28.158
16.809,28.152
16.813,28.178
16.816,28.204
16.82,28.205
16.824,28.181
16.828,28.145
16.832,28.187
16.836,28.202
16.84,28.221
16.844,28.228
16.848,28.22
16.852,28.249
16.855,28.281
16.859,28.287
16.863,28.27
16.867,28.306
16.871,28.323
16.875,28.347
16.879,28.372
16.883,28.352
16.887,28.328
16.891,28.318
16.895,28.324
16.898,28.337
16.902,28.367
16.906,28.371
16.91,28.356
16.914,28.35
16.918,28.38
16.922,28.384
16.926,28.381
16.93,28.396
16.934,28.367
16.938,28.399
16.941,28.449
16.945,28.468
16.949,28.458
16.953,28.461
16.957,28.48
16.961,28.521
16.965,28.545
16.969,28.54
16.973,28.552
16.977,28.587
16.98,28.646
16.984,28.664
16.988,28.675
16.992,28.693
16.996,28.679
17,28.709
17.004,28.743
17.008,28.727
17.012,28.735
17.016,28.731
17.02,28.74
17.023,28.708
17.027,28.698
17.031,28.666
17.035,28.609
17.039,28.564
17.043,28.544
17.047,28.503
17.051,28.448
17.055,28.381
17.059,28.304
17.063,28.274
17.066,28.272
17.07,28.225
17.074,28.192
17.078,28.154
17.082,28.122
17.086,28.107
17.09,28.086
17.094,28.091
17.098,28.101
17.102,28.093
17.105,28.059
17.109,28.06
17.113,28.049
17.117,28.047
17.121,28.051
17.125,28.054
17.129,28.043
17.133,28.063
17.137,28.097
17.141,28.072
17.145,28.065
17.148,28.068
17.152,28.089
17.156,28.086
17.16,28.073
17.164,28.071
17.168,28.062
17.172,28.06
17.176,28.06
17.18,28.053
17.184,28.041
17.188,28.033
17.191,28.041
17.195,28.048
17.199,28.065
17.203,28.106
17.207,28.109
17.211,28.097
17.215,28.07
17.219,28.075
17.223,28.096
17.227,28.099
17.23,28.102
17.234,28.054
17.238,28.069
17.242,28.087
17.246,28.073
17.25,28.073
17.254,28.079
17.258,28.068
17.262,28.063
17.266,28.068
17.27,28.068
17.273,28.063
17.277,28.062
17.281,28.072
17.285,28.102
17.289,28.096
17.293,28.067
17.297,28.061
17.301,28.073
17.305,28.067
17.309,28.075
17.313,28.061
17.316,28.028
17.32,28.048
17.324,28.037
17.328,28.045
17.332,28.043
17.336,28.02
17.34,28.043
17.344,28.011
17.348,28.024
17.352,28.041
17.355,28.029
17.359,28.033
17.363,28.027
17.367,28.061
17.371,28.072
17.375,28.067
17.379,28.075
17.383,28.071
17.387,28.069
17.391,28.05
17.395,28.024
17.398,28.02
17.402,28.037
17.406,28.039
17.41,28.046
17.414,28.04
17.418,28.033
17.422,27.999
17.426,27.99
17.43,28.029
17.434,28.031
17.438,28.037
17.441,28.032
17.445,28.029
17.449,28.035
17.453,28.02
17.457,28.022
17.461,28.028
17.465,28.023
17.469,28.015
17.473,28.007
17.477,28
17.48,28.026
17.484,28.031
17.488,28.03
17.492,28.044
17.496,28.05
17.5,28.058
17.504,28.053
17.508,28.043
17.512,28.025
17.516,28.021
17.52,28.012
17.523,28.034
17.527,28.034
17.531,28.029
17.535,28.027
17.539,28.039
17.543,28.045
17.547,28.048
17.551,28.044
17.555,28.035
17.559,28.022
17.563,28.03
17.566,28.037
17.57,28.026
17.574,28.017
17.578,28.033
17.582,28.066
17.586,28.057
17.59,28.033
17.594,28.044
17.598,28.045
17.602,28.034
17.605,28.063
17.609,28.082
17.613,28.115
17.617,28.135
17.621,28.142
17.625,28.138
17.629,28.152
17.633,28.17
17.637,28.144
17.641,28.128
17.645,28.182
17.648,28.207
17.652,28.212
17.656,28.204
17.66,28.186
17.664,28.183
17.668,28.164
17.672,28.14
17.676,28.131
17.68,28.136
17.684,28.127
17.688,28.132
17.691,28.14
17.695,28.15
17.699,28.149
17.703,28.113
17.707,28.086
17.711,28.083
17.715,28.055
17.719,28.07
17.723,28.047
17.727,28.025
17.73,28.015
17.734,28.021
17.738,28.031
17.742,28.051
17.746,28.064
17.75,28.058
17.754,28.055
17.758,28.054
17.762,28.063
17.766,28.036
17.77,28.011
17.773,28.036
17.777,28.05
17.781,28.059
17.785,28.034
17.789,28.049
17.793,28.035
17.797,28.01
17.801,28.028
17.805,28.059
17.809,28.193
17.813,28.475
17.816,28.832
17.82,29.298
17.824,29.593
17.828,29.691
17.832,29.438
17.836,28.789
17.84,28.512
17.844,28.087
17.848,27.763
17.852,27.668
17.855,27.631
17.859,27.658
17.863,27.77
17.867,27.918
17.871,28.006
17.875,28.08
17.879,28.124
17.883,28.162
17.887,28.154
17.891,28.155
17.895,28.157
17.898,28.181
17.902,28.179
17.906,28.192
17.91,28.194
17.914,28.198
17.918,28.184
17.922,28.195
17.926,28.195
17.93,28.181
17.934,28.186
17.938,28.193
17.941,28.187
17.945,28.184
17.949,28.184
17.953,28.186
17.957,28.194
17.961,28.211
17.965,28.19
17.969,28.19
17.973,28.21
17.977,28.236
17.98,28.247
17.984,28.255
17.988,28.251
17.992,28.232
17.996,28.228
18,28.231
18.004,28.257
18.008,28.283
18.012,28.335
18.016,28.351
18.02,28.363
18.023,28.388
18.027,28.385
18.031,28.391
18.035,28.402
18.039,28.431
18.043,28.474
18.047,28.536
18.051,28.57
18.055,28.547
18.059,28.558
18.063,28.578
18.066,28.605
18.07,28.62
18.074,28.579
18.078,28.601
18.082,28.656
18.086,28.64
18.09,28.635
18.094,28.647
18.098,28.635
18.102,28.585
18.105,28.544
18.109,28.491
18.113,28.458
18.117,28.434
18.121,28.392
18.125,28.308
18.129,28.259
18.133,28.247
18.137,28.204
18.141,28.162
18.145,28.128
18.148,28.1
18.152,28.08
18.156,28.063
18.16,28.034
18.164,28.038
18.168,28.033
18.172,28.033
18.176,28.029
18.18,28.029
18.184,28.028
18.188,28.028
18.191,28.018
18.195,28.042
18.199,28.03
18.203,27.981
18.207,27.978
18.211,28.016
18.215,28.032
18.219,28.019
18.223,28.03
18.227,28.02
18.23,28.015
18.234,28.023
18.238,28.035
18.242,28.037
18.246,28.048
18.25,28.019
18.254,28.018
18.258,28.04
18.262,28.059
18.266,28.069
18.27,28.067
18.273,28.058
18.277,28.056
18.281,28.069
18.285,28.073
18.289,28.064
18.293,28.075
18.297,28.052
18.301,28.051
18.305,28.068
18.309,28.056
18.313,28.047
18.316,28.056
18.32,28.04
18.324,28.048
18.328,28.007
18.332,28.054
18.336,28.08
18.34,28.076
18.344,28.091
18.348,28.098
18.352,28.088
18.355,28.087
18.359,28.082
18.363,28.079
18.367,28.062
18.371,28.045
18.375,28.052
18.379,28.035
18.383,27.989
18.387,28.004
18.391,28.03
18.395,28.026
18.398,28.038
18.402,28.042
18.406,28.034
18.41,28.032
18.414,28.014
18.418,28.007
18.422,28.019
18.426,28.035
18.43,28.027
18.434,28.002
18.438,27.988
18.441,27.984
18.445,27.986
18.449,28.017
18.453,28.017
18.457,28.021
18.461,28.031
18.465,28.029
18.469,28.021
18.473,28.003
18.477,27.992
18.48,27.998
18.484,28.013
18.488,27.97
18.492,27.967
18.496,27.985
18.5,28.025
18.504,28.02
18.508,28.001
18.512,28.01
18.516,28.006
18.52,28.008
18.523,28.001
18.527,28.015
18.531,28.018
18.535,28.015
18.539,28.004
18.543,28.002
18.547,27.983
18.551,28.003
18.555,28.019
18.559,28.009
18.563,28.018
18.566,28.015
18.57,28.031
18.574,28.023
18.578,28.04
18.582,28.034
18.586,27.985
18.59,27.969
18.594,28.003
18.598,28.021
18.602,28.041
18.605,28.037
18.609,28.034
18.613,28.037
18.617,28.037
18.621,28.021
18.625,28.019
18.629,28.042
18.633,28.048
18.637,28.046
18.641,28.009
18.645,28.072
18.648,28.15
18.652,28.167
18.656,28.161
18.66,28.158
18.664,28.146
18.668,28.166
18.672,28.174
18.676,28.186
18.68,28.204
18.684,28.238
18.688,28.243
18.691,28.214
18.695,28.18
18.699,28.16
18.703,28.166
18.707,28.164
18.711,28.152
18.715,28.141
18.719,28.119
18.723,28.138
18.727,28.146
18.73,28.114
18.734,28.09
18.738,28.072
18.742,28.075
18.746,28.088
18.75,28.074
18.754,28.066
18.758,28.071
18.762,28.069
18.766,28.064
18.77,28.052
18.773,28.034
18.777,28.069
18.781,28.097
18.785,28.098
18.789,28.078
18.793,28.101
18.797,28.089
18.801,28.094
18.805,28.083
18.809,28.074
18.813,28.067
18.816,28.076
18.82,28.043
18.824,28.021
18.828,28.096
18.832,28.184
18.836,28.328
18.84,28.577
18.844,28.985
18.848,29.461
18.852,29.679
18.855,29.702
18.859,29.51
18.863,29.011
18.867,28.479
18.871,28.048
18.875,27.765
18.879,27.683
18.883,27.661
18.887,27.705
18.891,27.817
18.895,27.939
18.898,28.065
18.902,28.127
18.906,28.155
18.91,28.159
18.914,28.178
18.918,28.204
18.922,28.23
18.926,28.246
18.93,28.251
18.934,28.239
18.938,28.225
18.941,28.233
18.945,28.232
18.949,28.229
18.953,28.218
18.957,28.224
18.961,28.235
18.965,28.262
18.969,28.266
18.973,28.274
18.977,28.272
18.98,28.265
18.984,28.289
18.988,28.295
18.992,28.314
18.996,28.314
19,28.316
19.004,28.299
19.008,28.298
19.012,28.34
19.016,28.363
19.02,28.366
19.023,28.372
19.027,28.383
19.031,28.382
19.035,28.397
19.039,28.404
19.043,28.403
19.047,28.426
19.051,28.462
19.055,28.461
19.059,28.472
19.063,28.502
19.066,28.532
19.07,28.542
19.074,28.551
19.078,28.566
19.082,28.6
19.086,28.632
19.09,28.65
19.094,28.662
19.098,28.703
19.102,28.711
19.105,28.682
19.109,28.693
19.113,28.643
19.117,28.618
19.121,28.629
19.125,28.691
19.129,28.721
19.133,28.69
19.137,28.625
19.141,28.558
19.145,28.536
19.148,28.499
19.152,28.424
19.156,28.379
19.16,28.331
19.164,28.3
19.168,28.254
19.172,28.224
19.176,28.185
19.18,28.159
19.184,28.166
19.188,28.152
19.191,28.128
19.195,28.098
19.199,28.097
19.203,28.056
19.207,28.006
19.211,28.062
19.215,28.086
19.219,28.094
19.223,28.106
19.227,28.135
19.23,28.139
19.234,28.094
19.238,28.103
19.242,28.095
19.246,28.092
19.25,28.073
19.254,28.083
19.258,28.078
19.262,28.103
19.266,28.124
19.27,28.103
19.273,28.106
19.277,28.115
19.281,28.117
19.285,28.099
19.289,28.085
19.293,28.086
19.297,28.106
19.301,28.093
19.305,28.079
19.309,28.088
19.313,28.08
19.316,28.088
19.32,28.067
19.324,28.058
19.328,28.076
19.332,28.105
19.336,28.11
19.34,28.073
19.344,28.065
19.348,28.078
19.352,28.074
19.355,28.067
19.359,28.081
19.363,28.086
19.367,28.083
19.371,28.075
19.375,28.07
19.379,28.056
19.383,28.066
19.387,28.06
19.391,28.049
19.395,28.045
19.398,28.04
19.402,28.031
19.406,28.026
19.41,28.027
19.414,28.008
19.418,28.017
19.422,28.035
19.426,28.025
19.43,28.02
19.434,28.042
19.438,28.055
19.441,28.06
19.445,28.072
19.449,28.063
19.453,28.028
19.457,27.991
19.461,28.018
19.465,28.039
19.469,28.039
19.473,28.037
19.477,28.038
19.48,27.984
19.484,28.001
19.488,28.029
19.492,28.042
19.496,28.034
19.5,28.013
19.504,28.002
19.508,28.006
19.512,28.014
19.516,28.026
19.52,28.023
19.523,28.014
19.527,28.013
19.531,27.99
19.535,28.003
19.539,28.011
19.543,28.019
19.547,28.019
19.551,28.021
19.555,27.999
19.559,28
19.563,28.025
19.566,28.038
19.57,28.017
19.574,28.024
19.578,28.033
19.582,28.024
19.586,28.024
19.59,28.012
19.594,28.01
19.598,28.01
19.602,28.02
19.605,28.035
19.609,28.081
19.613,28.08
19.617,28.084
19.621,28.123
19.625,28.136
19.629,28.167
19.633,28.197
19.637,28.214
19.641,28.208
19.645,28.201
19.648,28.226
19.652,28.235
19.656,28.276
19.66,28.299
19.664,28.297
19.668,28.263
19.672,28.272
19.676,28.273
19.68,28.275
19.684,28.284
19.688,28.247
19.691,28.237
19.695,28.214
19.699,28.239
19.703,28.261
19.707,28.224
19.711,28.219
19.715,28.208
19.719,28.165
19.723,28.187
19.727,28.202
19.73,28.213
19.734,28.207
19.738,28.18
19.742,28.177
19.746,28.183
19.75,28.179
19.754,28.138
19.758,28.167
19.762,28.183
19.766,28.161
19.77,28.141
19.773,28.138
19.777,28.168
19.781,28.175
19.785,28.185
19.789,28.181
19.793,28.19
19.797,28.192
19.801,28.145
19.805,28.135
19.809,28.171
19.813,28.331
19.816,28.571
19.82,28.922
19.824,29.366
19.828,29.541
19.832,29.639
19.836,29.542
19.84,28.862
19.844,28.63
19.848,28.068
19.852,27.955
19.855,27.817
19.859,27.75
19.863,27.798
19.867,27.915
19.871,27.976
19.875,28.084
19.879,28.162
19.883,28.21
19.887,28.237
19.891,28.245
19.895,28.235
19.898,28.24
19.902,28.262
19.906,28.286
19.91,28.295
19.914,28.333
19.918,28.353
19.922,28.348
19.926,28.341
19.93,28.343
19.934,28.374
19.938,28.379
19.941,28.376
19.945,28.361
19.949,28.367
19.953,28.36
19.957,28.361
19.961,28.363
19.965,28.39
19.969,28.423
19.973,28.446
19.977,28.445
19.98,28.452
19.984,28.46
19.988,28.469
19.992,28.482
19.996,28.51
20,28.528
20.004,28.504
20.008,28.511
20.012,28.516
20.016,28.534
20.02,28.559
20.023,28.556
20.027,28.596
20.031,28.583
20.035,28.594
20.039,28.596
20.043,28.608
20.047,28.665
20.051,28.66
20.055,28.659
20.059,28.741
20.063,28.799
20.066,28.811
20.07,28.829
20.074,28.849
20.078,28.862
20.082,28.867
20.086,28.853
20.09,28.86
20.094,28.872
20.098,28.848
20.102,28.838
20.105,28.827
20.109,28.783
20.113,28.742
20.117,28.684
20.121,28.629
20.125,28.586
20.129,28.556
20.133,28.52
20.137,28.495
20.141,28.446
20.145,28.402
20.148,28.379
20.152,28.355
20.156,28.35
20.16,28.341
20.164,28.327
20.168,28.332
20.172,28.32
20.176,28.312
20.18,28.29
20.184,28.285
20.188,28.287
20.191,28.28
20.195,28.289
20.199,28.294
20.203,28.27
20.207,28.271
20.211,28.284
20.215,28.291
20.219,28.303
20.223,28.296
20.227,28.273
20.23,28.281
20.234,28.282
20.238,28.285
20.242,28.272
20.246,28.266
20.25,28.277
20.254,28.281
20.258,28.248
20.262,28.261
20.266,28.284
20.27,28.289
20.273,28.301
20.277,28.28
20.281,28.263
20.285,28.228
20.289,28.217
20.293,28.266
20.297,28.29
20.301,28.291
20.305,28.278
20.309,28.255
20.313,28.26
20.316,28.248
20.32,28.229
20.324,28.238
20.328,28.266
20.332,28.271
20.336,28.271
20.34,28.264
20.344,28.272
20.348,28.252
20.352,28.242
20.355,28.221
20.359,28.223
20.363,28.227
20.367,28.23
20.371,28.21
20.375,28.207
20.379,28.22
20.383,28.224
20.387,28.207
20.391,28.204
20.395,28.213
20.398,28.216
20.402,28.228
20.406,28.207
20.41,28.183
20.414,28.163
20.418,28.19
20.422,28.217
20.426,28.213
20.43,28.218
20.434,28.203
20.438,28.195
20.441,28.205
20.445,28.208
20.449,28.212
20.453,28.211
20.457,28.206
20.461,28.206
20.465,28.207
20.469,28.196
20.473,28.194
20.477,28.191
20.48,28.206
20.484,28.211
20.488,28.196
20.492,28.186
20.496,28.177
20.5,28.189
20.504,28.215
20.508,28.191
20.512,28.199
20.516,28.203
20.52,28.207
20.523,28.192
20.527,28.198
20.531,28.194
20.535,28.168
20.539,28.14
20.543,28.168
20.547,28.213
20.551,28.224
20.555,28.213
20.559,28.186
20.563,28.189
20.566,28.211
20.57,28.237
20.574,28.253
20.578,28.239
20.582,28.246
20.586,28.256
20.59,28.281
20.594,28.293
20.598,28.305
20.602,28.298
20.605,28.291
20.609,28.264
20.613,28.281
20.617,28.31
20.621,28.339
20.625,28.39
20.629,28.366
20.633,28.33
20.637,28.316
20.641,28.298
20.645,28.304
20.648,28.299
20.652,28.253
20.656,28.237
20.66,28.232
20.664,28.257
20.668,28.25
20.672,28.217
20.676,28.19
20.68,28.183
20.684,28.183
20.688,28.165
20.691,28.162
20.695,28.166
20.699,28.132
20.703,28.106
20.707,28.131
20.711,28.152
20.715,28.171
20.719,28.181
20.723,28.153
20.727,28.15
20.73,28.165
20.734,28.162
20.738,28.13
20.742,28.11
20.746,28.124
20.75,28.132
20.754,28.184
20.758,28.192
20.762,28.215
20.766,28.203
20.77,28.231
20.773,28.276
20.777,28.392
20.781,28.646
20.785,29.057
20.789,29.451
20.793,29.598
20.797,29.56
20.801,29.175
20.805,28.673
20.809,28.266
20.813,28.085
20.816,27.872
20.82,27.811
20.824,27.743
20.828,27.802
20.832,27.915
20.836,28.045
20.84,28.158
20.844,28.23
20.848,28.245
20.852,28.259
20.855,28.308
20.859,28.341
20.863,28.326
20.867,28.342
20.871,28.328
20.875,28.342
20.879,28.387
20.883,28.415
20.887,28.409
20.891,28.387
20.895,28.356
20.898,28.377
20.902,28.419
20.906,28.433
20.91,28.415
20.914,28.389
20.918,28.406
20.922,28.422
20.926,28.452
20.93,28.475
20.934,28.477
20.938,28.482
20.941,28.47
20.945,28.472
20.949,28.497
20.953,28.507
20.957,28.509
20.961,28.507
20.965,28.534
20.969,28.542
20.973,28.548
20.977,28.553
20.98,28.595
20.984,28.601
20.988,28.623
20.992,28.632
20.996,28.664
21,28.687
21.004,28.708
21.008,28.711
21.012,28.738
21.016,28.749
21.02,28.796
21.023,28.816
21.027,28.845
21.031,28.854
21.035,28.866
21.039,28.853
21.043,28.849
21.047,28.859
21.051,28.884
21.055,28.865
21.059,28.868
21.063,28.869
21.066,28.841
21.07,28.813
21.074,28.778
21.078,28.75
21.082,28.723
21.086,28.675
21.09,28.613
21.094,28.556
21.098,28.501
21.102,28.491
21.105,28.491
21.109,28.467
21.113,28.447
21.117,28.413
21.121,28.375
21.125,28.355
21.129,28.339
21.133,28.324
21.137,28.325
21.141,28.315
21.145,28.323
21.148,28.295
21.152,28.281
21.156,28.275
21.16,28.278
21.164,28.284
21.168,28.294
21.172,28.293
21.176,28.289
21.18,28.296
21.184,28.288
21.188,28.279
21.191,28.282
21.195,28.296
21.199,28.308
21.203,28.293
21.207,28.308
21.211,28.316
21.215,28.305
21.219,28.307
21.223,28.301
21.227,28.312
21.23,28.323
21.234,28.312
21.238,28.318
21.242,28.319
21.246,28.306
21.25,28.293
21.254,28.284
21.258,28.282
21.262,28.298
21.266,28.286
21.27,28.281
21.273,28.284
21.277,28.315
21.281,28.271
21.285,28.254
21.289,28.278
21.293,28.296
21.297,28.303
21.301,28.318
21.305,28.317
21.309,28.297
21.313,28.279
21.316,28.294
21.32,28.29
21.324,28.267
21.328,28.266
21.332,28.258
21.336,28.256
21.34,28.247
21.344,28.243
21.348,28.25
21.352,28.26
21.355,28.246
21.359,28.256
21.363,28.229
21.367,28.233
21.371,28.245
21.375,28.244
21.379,28.265
21.383,28.263
21.387,28.269
21.391,28.258
21.395,28.238
21.398,28.24
21.402,28.25
21.406,28.241
21.41,28.249
21.414,28.259
21.418,28.254
21.422,28.237
21.426,28.26
21.43,28.277
21.434,28.265
21.438,28.274
21.441,28.234
21.445,28.246
21.449,28.244
21.453,28.249
21.457,28.231
21.461,28.211
21.465,28.222
21.469,28.247
21.473,28.264
21.477,28.26
21.48,28.258
21.484,28.255
21.488,28.255
21.492,28.252
21.496,28.252
21.5,28.229
21.504,28.231
21.508,28.236
21.512,28.233
21.516,28.241
21.52,28.226
21.523,28.219
21.527,28.259
21.531,28.278
21.535,28.253
21.539,28.26
21.543,28.26
21.547,28.285
21.551,28.301
21.555,28.309
21.559,28.333
21.563,28.362
21.566,28.352
21.57,28.353
21.574,28.355
21.578,28.34
21.582,28.363
21.586,28.385
21.59,28.438
21.594,28.457
21.598,28.453
21.602,28.423
21.605,28.401
21.609,28.398
21.613,28.407
21.617,28.38
21.621,28.353
21.625,28.327
21.629,28.316
21.633,28.31
21.637,28.258
21.641,28.247
21.645,28.254
21.648,28.22
21.652,28.22
21.656,28.232
21.66,28.238
21.664,28.255
21.668,28.266
21.672,28.278
21.676,28.263
21.68,28.307
21.684,28.301
21.688,28.291
21.691,28.309
21.695,28.311
21.699,28.299
21.703,28.29
21.707,28.234
21.711,28.253
21.715,28.278
21.719,28.258
21.723,28.268
21.727,28.258
21.73,28.239
21.734,28.297
21.738,28.337
21.742,28.441
21.746,28.659
21.75,28.972
21.754,29.17
21.758,29.513
21.762,29.596
21.766,29.51
21.77,29.095
21.773,28.662
21.777,28.296
21.781,28.029
21.785,27.943
21.789,27.848
21.793,27.877
21.797,27.984
21.801,28.072
21.805,28.217
21.809,28.344
21.813,28.348
21.816,28.386
21.82,28.387
21.824,28.374
21.828,28.39
21.832,28.405
21.836,28.427
21.84,28.428
21.844,28.419
21.848,28.442
21.852,28.435
21.855,28.43
21.859,28.429
21.863,28.436
21.867,28.455
21.871,28.484
21.875,28.503
21.879,28.51
21.883,28.493
21.887,28.481
21.891,28.499
21.895,28.538
21.898,28.536
21.902,28.526
21.906,28.479
21.91,28.504
21.914,28.552
21.918,28.56
21.922,28.567
21.926,28.559
21.93,28.575
21.934,28.596
21.938,28.599
21.941,28.609
21.945,28.641
21.949,28.651
21.953,28.663
21.957,28.675
21.961,28.695
21.965,28.706
21.969,28.721
21.973,28.736
21.977,28.768
21.98,28.809
21.984,28.822
21.988,28.816
21.992,28.825
21.996,28.846
22,28.864
22.004,28.857
22.008,28.877
22.012,28.878
22.016,28.913
22.02,28.901
22.023,28.903
22.027,28.903
22.031,28.897
22.035,28.865
22.039,28.804
22.043,28.784
22.047,28.761
22.051,28.729
22.055,28.679
22.059,28.63
22.063,28.581
22.066,28.53
22.07,28.508
22.074,28.472
22.078,28.451
22.082,28.45
22.086,28.434
22.09,28.412
22.094,28.4
22.098,28.374
22.102,28.344
22.105,28.345
22.109,28.358
22.113,28.371
22.117,28.364
22.121,28.373
22.125,28.34
22.129,28.34
22.133,28.359
22.137,28.367
22.141,28.342
22.145,28.33
22.148,28.34
22.152,28.377
22.156,28.353
22.16,28.346
22.164,28.363
22.168,28.358
22.172,28.336
22.176,28.338
22.18,28.339
22.184,28.331
22.188,28.34
22.191,28.35
22.195,28.351
22.199,28.356
22.203,28.365
22.207,28.342
22.211,28.354
22.215,28.373
22.219,28.361
22.223,28.356
22.227,28.347
22.23,28.348
22.234,28.374
22.238,28.38
22.242,28.37
22.246,28.37
22.25,28.389
22.254,28.351
22.258,28.362
22.262,28.365
22.266,28.331
22.27,28.357
22.273,28.336
22.277,28.324
22.281,28.358
22.285,28.374
22.289,28.384
22.293,28.392
22.297,28.386
22.301,28.362
22.305,28.387
22.309,28.386
22.313,28.38
22.316,28.371
22.32,28.357
22.324,28.342
22.328,28.325
22.332,28.333
22.336,28.32
22.34,28.335
22.344,28.353
22.348,28.345
22.352,28.351
22.355,28.343
22.359,28.359
22.363,28.37
22.367,28.341
22.371,28.317
22.375,28.332
22.379,28.354
22.383,28.352
22.387,28.349
22.391,28.346
22.395,28.333
22.398,28.342
22.402,28.322
22.406,28.339
22.41,28.35
22.414,28.346
22.418,28.326
22.422,28.318
22.426,28.331
22.43,28.345
22.434,28.338
22.438,28.336
22.441,28.328
22.445,28.345
22.449,28.355
22.453,28.349
22.457,28.344
22.461,28.32
22.465,28.329
22.469,28.348
22.473,28.334
22.477,28.313
22.48,28.333
22.484,28.332
22.488,28.342
22.492,28.335
22.496,28.341
22.5,28.332
22.504,28.328
22.508,28.318
22.512,28.331
22.516,28.352
22.52,28.362
22.523,28.375
22.527,28.401
22.531,28.433
22.535,28.444
22.539,28.426
22.543,28.418
22.547,28.427
22.551,28.443
22.555,28.439
22.559,28.458
22.563,28.497
22.566,28.543
22.57,28.532
22.574,28.497
22.578,28.468
22.582,28.459
22.586,28.435
22.59,28.423
22.594,28.419
22.598,28.4
22.602,28.366
22.605,28.371
22.609,28.379
22.613,28.35
22.617,28.316
22.621,28.327
22.625,28.314
22.629,28.331
22.633,28.337
22.637,28.321
22.641,28.304
22.645,28.322
22.648,28.331
22.652,28.32
22.656,28.336
22.66,28.34
22.664,28.343
22.668,28.336
22.672,28.321
22.676,28.335
22.68,28.323
22.684,28.335
22.688,28.286
22.691,28.292
22.695,28.31
22.699,28.312
22.703,28.303
22.707,28.311
22.711,28.322
22.715,28.387
22.719,28.526
22.723,28.752
22.727,29.114
22.73,29.448
22.734,29.544
22.738,29.505
22.742,29.202
22.746,28.768
22.75,28.429
22.754,28.133
22.758,27.999
22.762,27.916
22.766,27.921
22.77,27.956
22.773,28.072
22.777,28.186
22.781,28.292
22.785,28.373
22.789,28.405
22.793,28.438
22.797,28.434
22.801,28.45
22.805,28.465
22.809,28.459
22.813,28.492
22.816,28.5
22.82,28.475
22.824,28.474
22.828,28.499
22.832,28.521
22.836,28.52
22.84,28.519
22.844,28.521
22.848,28.532
22.852,28.53
22.855,28.506
22.859,28.505
22.863,28.513
22.867,28.541
22.871,28.545
22.875,28.569
22.879,28.575
22.883,28.581
22.887,28.571
22.891,28.572
22.895,28.603
22.898,28.633
22.902,28.61
22.906,28.629
22.91,28.639
22.914,28.634
22.918,28.634
22.922,28.635
22.926,28.666
22.93,28.684
22.934,28.689
22.938,28.696
22.941,28.73
22.945,28.752
22.949,28.774
22.953,28.769
22.957,28.811
22.961,28.832
22.965,28.858
22.969,28.867
22.973,28.871
22.977,28.882
22.98,28.907
22.984,28.923
22.988,28.923
22.992,28.932
22.996,28.958
23,28.959
23.004,28.942
23.008,28.922
23.012,28.908
23.016,28.863
23.02,28.815
23.023,28.776
23.027,28.732
23.031,28.679
23.035,28.624
23.039,28.589
23.043,28.552
23.047,28.531
23.051,28.524
23.055,28.495
23.059,28.483
23.063,28.474
23.066,28.449
23.07,28.448
23.074,28.431
23.078,28.414
23.082,28.403
23.086,28.399
23.09,28.382
23.094,28.41
23.098,28.41
23.102,28.403
23.105,28.406
23.109,28.378
23.113,28.391
23.117,28.406
23.121,28.411
23.125,28.41
23.129,28.417
23.133,28.415
23.137,28.418
23.141,28.408
23.145,28.411
23.148,28.421
23.152,28.421
23.156,28.39
23.16,28.392
23.164,28.392
23.168,28.428
23.172,28.418
23.176,28.412
23.18,28.415
23.184,28.406
23.188,28.406
23.191,28.396
23.195,28.436
23.199,28.419
23.203,28.399
23.207,28.403
23.211,28.417
23.215,28.437
23.219,28.423
23.223,28.416
23.227,28.423
23.23,28.431
23.234,28.448
23.238,28.427
23.242,28.405
23.246,28.393
23.25,28.411
23.254,28.41
23.258,28.414
23.262,28.419
23.266,28.402
23.27,28.383
23.273,28.396
23.277,28.38
23.281,28.397
23.285,28.394
23.289,28.381
23.293,28.383
23.297,28.402
23.301,28.408
23.305,28.398
23.309,28.389
23.313,28.388
23.316,28.373
23.32,28.378
23.324,28.388
23.328,28.389
23.332,28.373
23.336,28.358
23.34,28.354
23.344,28.373
23.348,28.377
23.352,28.37
23.355,28.352
23.359,28.347
23.363,28.364
23.367,28.379
23.371,28.391
23.375,28.393
23.379,28.391
23.383,28.388
23.387,28.375
23.391,28.362
23.395,28.359
23.398,28.38
23.402,28.36
23.406,28.374
23.41,28.398
23.414,28.366
23.418,28.334
23.422,28.331
23.426,28.357
23.43,28.392
23.434,28.38
23.438,28.365
23.441,28.355
23.445,28.372
23.449,28.384
23.453,28.383
23.457,28.36
23.461,28.389
23.465,28.386
23.469,28.378
23.473,28.366
23.477,28.377
23.48,28.358
23.484,28.372
23.488,28.404
23.492,28.398
23.496,28.424
23.5,28.444
23.504,28.474
23.508,28.484
23.512,28.506
23.516,28.488
23.52,28.472
23.523,28.441
23.527,28.48
23.531,28.531
23.535,28.567
23.539,28.56
23.543,28.532
23.547,28.515
23.551,28.51
23.555,28.473
23.559,28.468
23.563,28.432
23.566,28.435
23.57,28.417
23.574,28.432
23.578,28.441
23.582,28.433
23.586,28.407
23.59,28.398
23.594,28.381
23.598,28.379
23.602,28.387
23.605,28.378
23.609,28.367
23.613,28.363
23.617,28.354
23.621,28.343
23.625,28.343
23.629,28.373
23.633,28.382
23.637,28.379
23.641,28.373
23.645,28.366
23.648,28.366
23.652,28.355
23.656,28.394
23.66,28.412
23.664,28.388
23.668,28.358
23.672,28.379
23.676,28.382
23.68,28.398
23.684,28.431
23.688,28.499
23.691,28.671
23.695,28.959
23.699,29.363
23.703,29.549
23.707,29.577
23.711,29.511
23.715,29.154
23.719,28.699
23.723,28.386
23.727,28.178
23.73,28.079
23.734,28.004
23.738,28.005
23.742,28.069
23.746,28.196
23.75,28.287
23.754,28.39
23.758,28.424
23.762,28.45
23.766,28.451
23.77,28.443
23.773,28.448
23.777,28.43
23.781,28.421
23.785,28.429
23.789,28.448
23.793,28.462
23.797,28.458
23.801,28.456
23.805,28.453
23.809,28.466
23.813,28.462
23.816,28.472
23.82,28.455
23.824,28.422
23.828,28.422
23.832,28.404
23.836,28.355
23.84,28.328
23.844,28.321
23.848,28.305
23.852,28.297
23.855,28.273
23.859,28.278
23.863,28.301
23.867,28.317
23.871,28.327
23.875,28.338
23.879,28.374
23.883,28.451
23.887,28.441
23.891,28.464
23.895,28.531
23.898,28.617
23.902,28.669
23.906,28.686
23.91,28.687
23.914,28.701
23.918,28.739
23.922,28.765
23.926,28.769
23.93,28.795
23.934,28.836
23.938,28.843
23.941,28.858
23.945,28.852
23.949,28.87
23.953,28.886
23.957,28.915
23.961,28.926
23.965,28.939
23.969,28.931
23.973,28.909
23.977,28.901
23.98,28.879
23.984,28.869
23.988,28.859
23.992,28.814
23.996,28.771
24,28.717
24.004,28.708
24.008,28.67
24.012,28.645
24.016,28.592
24.02,28.536
24.023,28.506
24.027,28.497
24.031,28.477
24.035,28.453
24.039,28.437
24.043,28.42
24.047,28.422
24.051,28.406
24.055,28.406
24.059,28.415
24.063,28.434
24.066,28.435
24.07,28.432
24.074,28.429
24.078,28.425
24.082,28.435
24.086,28.421
24.09,28.4
24.094,28.41
24.098,28.413
24.102,28.444
24.105,28.443
24.109,28.452
24.113,28.454
24.117,28.444
24.121,28.436
24.125,28.433
24.129,28.437
24.133,28.453
24.137,28.461
24.141,28.452
24.145,28.442
24.148,28.443
24.152,28.453
24.156,28.46
24.16,28.468
24.164,28.464
24.168,28.459
24.172,28.448
24.176,28.454
24.18,28.453
24.184,28.438
24.188,28.444
24.191,28.442
24.195,28.449
24.199,28.461
24.203,28.431
24.207,28.411
24.211,28.415
24.215,28.416
24.219,28.415
24.223,28.428
24.227,28.431
24.23,28.445
24.234,28.409
24.238,28.398
24.242,28.395
24.246,28.375
24.25,28.377
24.254,28.386
24.258,28.378
24.262,28.375
24.266,28.365
24.27,28.357
24.273,28.358
24.277,28.366
24.281,28.362
24.285,28.368
24.289,28.348
24.293,28.346
24.297,28.353
24.301,28.347
24.305,28.351
24.309,28.354
24.313,28.362
24.316,28.37
24.32,28.38
24.324,28.375
24.328,28.376
24.332,28.385
24.336,28.38
24.34,28.393
24.344,28.393
24.348,28.396
24.352,28.4
24.355,28.387
24.359,28.401
24.363,28.414
24.367,28.402
24.371,28.382
24.375,28.4
24.379,28.404
24.383,28.407
24.387,28.401
24.391,28.393
24.395,28.41
24.398,28.427
24.402,28.416
24.406,28.426
24.41,28.441
24.414,28.448
24.418,28.433
24.422,28.435
24.426,28.449
24.43,28.474
24.434,28.474
24.438,28.477
24.441,28.472
24.445,28.474
24.449,28.481
24.453,28.507
24.457,28.559
24.461,28.593
24.465,28.641
24.469,28.63
24.473,28.637
24.477,28.613
24.48,28.646
24.484,28.659
24.488,28.696
24.492,28.713
24.496,28.758
24.5,28.772
24.504,28.749
24.508,28.708
24.512,28.676
24.516,28.626
24.52,28.622
24.523,28.614
24.527,28.592
24.531,28.561
24.535,28.568
24.539,28.558
24.543,28.509
24.547,28.478
24.551,28.471
24.555,28.454
24.559,28.455
24.563,28.462
24.566,28.449
24.57,28.447
24.574,28.456
24.578,28.445
24.582,28.443
24.586,28.449
24.59,28.436
24.594,28.438
24.598,28.431
24.602,28.441
24.605,28.454
24.609,28.419
24.613,28.43
24.617,28.438
24.621,28.429
24.625,28.427
24.629,28.472
24.633,28.453
24.637,28.427
24.641,28.448
24.645,28.493
24.648,28.623
24.652,28.782
24.656,28.938
24.66,29.345
24.664,29.642
24.668,29.649
24.672,29.511
24.676,29.113
24.68,28.724
24.684,28.444
24.688,28.24
24.691,28.119
24.695,28.07
24.699,28.087
24.703,28.157
24.707,28.26
24.711,28.388
24.715,28.468
24.719,28.506
24.723,28.525
24.727,28.525
24.73,28.518
24.734,28.544
24.738,28.528
24.742,28.514
24.746,28.537
24.75,28.548
24.754,28.55
24.758,28.553
24.762,28.582
24.766,28.583
24.77,28.567
24.773,28.579
24.777,28.617
24.781,28.614
24.785,28.611
24.789,28.628
24.793,28.647
24.797,28.633
24.801,28.633
24.805,28.65
24.809,28.654
24.813,28.669
24.816,28.7
24.82,28.704
24.824,28.704
24.828,28.669
24.832,28.692
24.836,28.691
24.84,28.704
24.844,28.715
24.848,28.726
24.852,28.718
24.855,28.753
24.859,28.779
24.863,28.794
24.867,28.807
24.871,28.812
24.875,28.83
24.879,28.857
24.883,28.89
24.887,28.911
24.891,28.928
24.895,28.951
24.898,28.948
24.902,28.948
24.906,28.979
24.91,28.996
24.914,28.991
24.918,28.996
24.922,28.988
24.926,29.009
24.93,29.053
24.934,29.014
24.938,28.993
24.941,28.958
24.945,28.953
24.949,28.926
24.953,28.875
24.957,28.828
24.961,28.806
24.965,28.79
24.969,28.741
24.973,28.668
24.977,28.65
24.98,28.654
24.984,28.621
24.988,28.576
24.992,28.552
24.996,28.547
